p_id,p_carid,p_userid
1,2633,1
2,5072,2
3,2762,3
4,3711,4
5,3879,5
6,4840,6
7,610,7
8,1282,8
9,1632,9
10,4016,10
11,5888,11
12,4906,12
13,5588,13
14,5107,14
15,2739,15
16,5458,16
17,3386,17
18,1732,18
19,4205,19
20,2835,20
21,3202,21
22,5176,22
23,5796,23
24,5366,24
25,4640,25
26,4499,26
27,4207,27
28,4258,28
29,4183,29
30,1295,30
31,3441,31
32,1466,32
33,5037,33
34,3740,34
35,3078,35
36,2648,36
37,2141,37
38,5123,38
39,2361,39
40,112,40
41,3531,41
42,5451,42
43,5167,43
44,3837,44
45,5086,45
46,1171,46
47,706,47
48,5729,48
49,2961,49
50,5311,50
51,1080,51
52,1356,52
53,736,53
54,4665,54
55,1479,55
56,4364,56
57,2451,57
58,1819,58
59,1947,59
60,1692,60
61,4307,61
62,3937,62
63,1192,63
64,594,64
65,823,65
66,3350,66
67,918,67
68,3217,68
69,5719,69
70,4966,70
71,3593,71
72,3285,72
73,5701,73
74,4470,74
75,5441,75
76,2031,76
77,646,77
78,1202,78
79,1756,79
80,1201,80
81,2492,81
82,4397,82
83,3377,83
84,3451,84
85,3337,85
86,5251,86
87,5363,87
88,945,88
89,906,89
90,3968,90
91,3512,91
92,1408,92
93,644,93
94,4589,94
95,5453,95
96,3227,96
97,2217,97
98,2982,98
99,4507,99
100,3467,100
101,175,101
102,4875,102
103,4472,103
104,4962,104
105,1926,105
106,3277,106
107,5861,107
108,736,108
109,3021,109
110,2014,110
111,905,111
112,2175,112
113,23,113
114,427,114
115,1924,115
116,5393,116
117,2962,117
118,1569,118
119,5308,119
120,207,120
121,4508,121
122,2399,122
123,3518,123
124,4080,124
125,1609,125
126,1645,126
127,4039,127
128,3231,128
129,3368,129
130,1068,130
131,1235,131
132,904,132
133,380,133
134,866,134
135,4500,135
136,4547,136
137,1681,137
138,3933,138
139,1943,139
140,1278,140
141,3777,141
142,4547,142
143,3185,143
144,666,144
145,28,145
146,910,146
147,1576,147
148,5366,148
149,3855,149
150,3706,150
151,1340,151
152,5661,152
153,1895,153
154,574,154
155,4751,155
156,3348,156
157,1346,157
158,4998,158
159,2551,159
160,1796,160
161,1236,161
162,1709,162
163,5267,163
164,2273,164
165,345,165
166,5221,166
167,52,167
168,3898,168
169,4897,169
170,1536,170
171,5049,171
172,1713,172
173,4998,173
174,3489,174
175,5059,175
176,2498,176
177,2052,177
178,5489,178
179,582,179
180,4996,180
181,122,181
182,1700,182
183,945,183
184,2196,184
185,4356,185
186,4903,186
187,5394,187
188,4222,188
189,1178,189
190,5408,190
191,3548,191
192,1278,192
193,5983,193
194,4481,194
195,4644,195
196,4837,196
197,2542,197
198,2732,198
199,1423,199
200,50,200
201,2225,201
202,2913,202
203,3368,203
204,981,204
205,2486,205
206,2396,206
207,1346,207
208,896,208
209,2844,209
210,5500,210
211,1432,211
212,379,212
213,2810,213
214,3535,214
215,3866,215
216,544,216
217,1846,217
218,5172,218
219,5764,219
220,986,220
221,2560,221
222,5384,222
223,5213,223
224,543,224
225,4859,225
226,1745,226
227,5900,227
228,3156,228
229,736,229
230,4452,230
231,3376,231
232,3427,232
233,799,233
234,4798,234
235,2402,235
236,4562,236
237,458,237
238,316,238
239,5640,239
240,5576,240
241,2,241
242,3034,242
243,5223,243
244,4611,244
245,2483,245
246,2641,246
247,395,247
248,5251,248
249,4494,249
250,4489,250
251,4545,251
252,4604,252
253,1526,253
254,3546,254
255,1528,255
256,3805,256
257,5591,257
258,1462,258
259,2158,259
260,3369,260
261,307,261
262,937,262
263,5184,263
264,3561,264
265,3501,265
266,3527,266
267,947,267
268,1627,268
269,3756,269
270,3916,270
271,226,271
272,1338,272
273,3108,273
274,1497,274
275,1514,275
276,5815,276
277,5294,277
278,893,278
279,1173,279
280,2139,280
281,1624,281
282,2711,282
283,2514,283
284,5620,284
285,2644,285
286,4510,286
287,1940,287
288,973,288
289,3275,289
290,3499,290
291,2749,291
292,2968,292
293,4078,293
294,1002,294
295,2176,295
296,2308,296
297,1721,297
298,214,298
299,4575,299
300,3698,300
301,5538,301
302,5100,302
303,1505,303
304,4157,304
305,4366,305
306,3671,306
307,1680,307
308,4672,308
309,4566,309
310,3105,310
311,2477,311
312,1279,312
313,261,313
314,5381,314
315,1782,315
316,4568,316
317,4468,317
318,252,318
319,4531,319
320,3488,320
321,2761,321
322,1441,322
323,4310,323
324,2081,324
325,5640,325
326,5965,326
327,2780,327
328,566,328
329,5626,329
330,1443,330
331,4616,331
332,796,332
333,486,333
334,2134,334
335,911,335
336,4776,336
337,4744,337
338,5273,338
339,1773,339
340,5454,340
341,1865,341
342,1033,342
343,1024,343
344,3450,344
345,5153,345
346,4169,346
347,519,347
348,1873,348
349,4484,349
350,984,350
351,693,351
352,3666,352
353,543,353
354,3903,354
355,5396,355
356,4252,356
357,2179,357
358,3392,358
359,5071,359
360,4492,360
361,3920,361
362,3449,362
363,640,363
364,3099,364
365,5507,365
366,4271,366
367,3331,367
368,3798,368
369,5610,369
370,2016,370
371,879,371
372,2544,372
373,5580,373
374,871,374
375,4258,375
376,4112,376
377,276,377
378,801,378
379,1193,379
380,1256,380
381,5566,381
382,1528,382
383,5289,383
384,1541,384
385,4146,385
386,3339,386
387,4588,387
388,716,388
389,2803,389
390,4352,390
391,4814,391
392,3215,392
393,3108,393
394,1810,394
395,442,395
396,97,396
397,3930,397
398,1870,398
399,1026,399
400,273,400
401,1870,401
402,4173,402
403,2974,403
404,4477,404
405,993,405
406,4247,406
407,150,407
408,4872,408
409,3855,409
410,2498,410
411,2296,411
412,2636,412
413,5925,413
414,3188,414
415,4333,415
416,3209,416
417,5020,417
418,353,418
419,98,419
420,4183,420
421,2365,421
422,4159,422
423,5010,423
424,2058,424
425,2262,425
426,2625,426
427,3523,427
428,5242,428
429,5211,429
430,4024,430
431,3051,431
432,5798,432
433,610,433
434,4633,434
435,2283,435
436,5457,436
437,5861,437
438,2724,438
439,492,439
440,2445,440
441,4874,441
442,911,442
443,3581,443
444,2539,444
445,2562,445
446,1124,446
447,150,447
448,2663,448
449,921,449
450,5509,450
451,2877,451
452,115,452
453,4794,453
454,4625,454
455,2939,455
456,3250,456
457,5280,457
458,5203,458
459,4070,459
460,108,460
461,4131,461
462,5676,462
463,174,463
464,102,464
465,5233,465
466,2463,466
467,137,467
468,398,468
469,1490,469
470,3796,470
471,1690,471
472,3131,472
473,3089,473
474,555,474
475,793,475
476,1999,476
477,2215,477
478,3222,478
479,4055,479
480,1141,480
481,1806,481
482,643,482
483,3225,483
484,1506,484
485,5917,485
486,1801,486
487,2707,487
488,148,488
489,4656,489
490,4251,490
491,1443,491
492,40,492
493,1501,493
494,4251,494
495,3296,495
496,2141,496
497,1096,497
498,3969,498
499,5328,499
500,1444,500
501,3311,501
502,4390,502
503,1060,503
504,2771,504
505,2544,505
506,748,506
507,5901,507
508,3962,508
509,3816,509
510,2472,510
511,517,511
512,3965,512
513,1219,513
514,3671,514
515,4893,515
516,3160,516
517,1787,517
518,5235,518
519,5289,519
520,2949,520
521,2738,521
522,5556,522
523,154,523
524,1313,524
525,2361,525
526,5771,526
527,5371,527
528,4689,528
529,2651,529
530,1257,530
531,5972,531
532,2004,532
533,954,533
534,1856,534
535,2625,535
536,4223,536
537,585,537
538,3042,538
539,2831,539
540,192,540
541,439,541
542,4838,542
543,2829,543
544,883,544
545,3178,545
546,2904,546
547,696,547
548,3473,548
549,4509,549
550,4710,550
551,78,551
552,5909,552
553,4494,553
554,1170,554
555,5352,555
556,1781,556
557,3679,557
558,2484,558
559,4827,559
560,431,560
561,82,561
562,291,562
563,2860,563
564,2279,564
565,1831,565
566,475,566
567,405,567
568,322,568
569,2369,569
570,2163,570
571,698,571
572,1676,572
573,748,573
574,4630,574
575,2284,575
576,1914,576
577,2569,577
578,852,578
579,3620,579
580,3708,580
581,5566,581
582,4500,582
583,5924,583
584,4061,584
585,5779,585
586,100,586
587,1800,587
588,5036,588
589,1557,589
590,5982,590
591,485,591
592,3550,592
593,3445,593
594,2459,594
595,2319,595
596,292,596
597,4203,597
598,1449,598
599,5217,599
600,349,600
601,883,601
602,2442,602
603,4538,603
604,4524,604
605,3956,605
606,3380,606
607,2835,607
608,2683,608
609,3028,609
610,5541,610
611,1423,611
612,2779,612
613,644,613
614,5112,614
615,5682,615
616,5428,616
617,1090,617
618,488,618
619,366,619
620,2061,620
621,5929,621
622,3829,622
623,5977,623
624,827,624
625,4306,625
626,5627,626
627,4570,627
628,2416,628
629,1763,629
630,403,630
631,967,631
632,4002,632
633,457,633
634,5757,634
635,5543,635
636,5379,636
637,269,637
638,212,638
639,3276,639
640,5269,640
641,335,641
642,5320,642
643,2750,643
644,5528,644
645,3962,645
646,4537,646
647,2259,647
648,2744,648
649,4839,649
650,5302,650
651,1997,651
652,2384,652
653,2761,653
654,1679,654
655,5671,655
656,225,656
657,4880,657
658,704,658
659,5584,659
660,5406,660
661,1711,661
662,4383,662
663,4447,663
664,854,664
665,5774,665
666,960,666
667,2790,667
668,317,668
669,2841,669
670,1718,670
671,4901,671
672,4546,672
673,3300,673
674,5172,674
675,738,675
676,2502,676
677,4093,677
678,1000,678
679,4154,679
680,669,680
681,2111,681
682,3517,682
683,5208,683
684,729,684
685,1757,685
686,904,686
687,2086,687
688,2986,688
689,670,689
690,5699,690
691,439,691
692,3925,692
693,2327,693
694,2353,694
695,628,695
696,1330,696
697,386,697
698,2820,698
699,2474,699
700,3253,700
701,3222,701
702,3329,702
703,2684,703
704,20,704
705,2152,705
706,4526,706
707,4120,707
708,5239,708
709,5294,709
710,3204,710
711,508,711
712,2504,712
713,2931,713
714,803,714
715,3061,715
716,5179,716
717,1555,717
718,1713,718
719,4814,719
720,1219,720
721,603,721
722,5287,722
723,177,723
724,5575,724
725,2050,725
726,3192,726
727,5454,727
728,3164,728
729,4731,729
730,2455,730
731,643,731
732,5844,732
733,315,733
734,2190,734
735,1941,735
736,3177,736
737,4428,737
738,564,738
739,3839,739
740,5039,740
741,4332,741
742,80,742
743,3644,743
744,4412,744
745,2023,745
746,3709,746
747,5646,747
748,819,748
749,4431,749
750,1778,750
751,2939,751
752,995,752
753,674,753
754,5864,754
755,2165,755
756,5427,756
757,4055,757
758,3195,758
759,4140,759
760,1373,760
761,3638,761
762,3268,762
763,3428,763
764,4898,764
765,820,765
766,5530,766
767,505,767
768,4321,768
769,363,769
770,5036,770
771,1149,771
772,5249,772
773,4806,773
774,4035,774
775,3118,775
776,3130,776
777,80,777
778,5352,778
779,4068,779
780,4900,780
781,2500,781
782,2356,782
783,4959,783
784,4938,784
785,1078,785
786,2110,786
787,3949,787
788,4050,788
789,4325,789
790,3068,790
791,4967,791
792,5721,792
793,1351,793
794,4383,794
795,777,795
796,1270,796
797,3190,797
798,4537,798
799,2393,799
800,917,800
801,1776,801
802,2569,802
803,1226,803
804,1042,804
805,2979,805
806,5700,806
807,5257,807
808,5189,808
809,2521,809
810,2596,810
811,1925,811
812,3488,812
813,1414,813
814,3909,814
815,2204,815
816,2314,816
817,855,817
818,5050,818
819,610,819
820,3038,820
821,5232,821
822,2429,822
823,4572,823
824,5686,824
825,35,825
826,3580,826
827,1686,827
828,275,828
829,1082,829
830,3731,830
831,2978,831
832,3432,832
833,4460,833
834,475,834
835,2274,835
836,2692,836
837,5100,837
838,2178,838
839,2210,839
840,1631,840
841,1762,841
842,2746,842
843,294,843
844,3618,844
845,3571,845
846,3233,846
847,5755,847
848,2627,848
849,25,849
850,5612,850
851,1628,851
852,2042,852
853,609,853
854,1804,854
855,2749,855
856,2926,856
857,3793,857
858,1731,858
859,4930,859
860,1586,860
861,303,861
862,3838,862
863,5655,863
864,678,864
865,70,865
866,2065,866
867,4134,867
868,359,868
869,4233,869
870,2791,870
871,2487,871
872,4223,872
873,2973,873
874,1726,874
875,2210,875
876,2954,876
877,4806,877
878,4076,878
879,868,879
880,4707,880
881,3227,881
882,5692,882
883,1232,883
884,3299,884
885,4331,885
886,124,886
887,740,887
888,3248,888
889,179,889
890,2736,890
891,1301,891
892,2640,892
893,1270,893
894,4162,894
895,4018,895
896,4654,896
897,1515,897
898,5458,898
899,390,899
900,2364,900
901,579,901
902,332,902
903,3011,903
904,5178,904
905,3344,905
906,5769,906
907,651,907
908,2935,908
909,4599,909
910,5265,910
911,4890,911
912,3306,912
913,857,913
914,2710,914
915,4262,915
916,5660,916
917,2386,917
918,5726,918
919,1031,919
920,4073,920
921,3212,921
922,2957,922
923,1335,923
924,3545,924
925,952,925
926,455,926
927,1524,927
928,885,928
929,3840,929
930,3891,930
931,1976,931
932,2970,932
933,5309,933
934,3806,934
935,4657,935
936,4365,936
937,2851,937
938,601,938
939,4020,939
940,5436,940
941,5775,941
942,2325,942
943,679,943
944,3186,944
945,5712,945
946,5674,946
947,5524,947
948,120,948
949,2455,949
950,851,950
951,2647,951
952,1402,952
953,1890,953
954,154,954
955,4546,955
956,1482,956
957,2328,957
958,2296,958
959,2663,959
960,2268,960
961,624,961
962,5532,962
963,2285,963
964,5661,964
965,3882,965
966,686,966
967,5298,967
968,2036,968
969,4516,969
970,126,970
971,3126,971
972,4919,972
973,3704,973
974,2604,974
975,3527,975
976,4711,976
977,1119,977
978,4737,978
979,650,979
980,2847,980
981,985,981
982,3638,982
983,3949,983
984,4285,984
985,200,985
986,3923,986
987,159,987
988,4607,988
989,1336,989
990,3961,990
991,5631,991
992,2411,992
993,1857,993
994,786,994
995,3776,995
996,5923,996
997,4878,997
998,4655,998
999,354,999
1000,5031,1000
1001,4173,1001
1002,614,1002
1003,5668,1003
1004,88,1004
1005,1003,1005
1006,5898,1006
1007,3576,1007
1008,2943,1008
1009,4584,1009
1010,2261,1010
1011,4452,1011
1012,5713,1012
1013,5768,1013
1014,5625,1014
1015,924,1015
1016,2787,1016
1017,4639,1017
1018,5629,1018
1019,5343,1019
1020,5460,1020
1021,5322,1021
1022,4794,1022
1023,2500,1023
1024,2473,1024
1025,5341,1025
1026,3112,1026
1027,4081,1027
1028,5519,1028
1029,320,1029
1030,2857,1030
1031,2831,1031
1032,4506,1032
1033,5732,1033
1034,2384,1034
1035,216,1035
1036,1044,1036
1037,5736,1037
1038,4571,1038
1039,5743,1039
1040,227,1040
1041,922,1041
1042,3377,1042
1043,4783,1043
1044,319,1044
1045,16,1045
1046,750,1046
1047,4984,1047
1048,3455,1048
1049,1220,1049
1050,3840,1050
1051,2941,1051
1052,3867,1052
1053,4993,1053
1054,1084,1054
1055,4883,1055
1056,3512,1056
1057,5568,1057
1058,1326,1058
1059,1612,1059
1060,4273,1060
1061,5503,1061
1062,643,1062
1063,4869,1063
1064,3140,1064
1065,1941,1065
1066,2989,1066
1067,5696,1067
1068,1939,1068
1069,1117,1069
1070,3179,1070
1071,5134,1071
1072,2291,1072
1073,2903,1073
1074,2042,1074
1075,1892,1075
1076,3530,1076
1077,3937,1077
1078,3841,1078
1079,2260,1079
1080,283,1080
1081,5992,1081
1082,1267,1082
1083,704,1083
1084,1343,1084
1085,1870,1085
1086,3436,1086
1087,5111,1087
1088,320,1088
1089,4117,1089
1090,3419,1090
1091,2669,1091
1092,5346,1092
1093,4317,1093
1094,1823,1094
1095,790,1095
1096,1859,1096
1097,4650,1097
1098,3904,1098
1099,2368,1099
1100,3128,1100
1101,709,1101
1102,3592,1102
1103,5968,1103
1104,3830,1104
1105,5385,1105
1106,4604,1106
1107,1281,1107
1108,501,1108
1109,5812,1109
1110,4624,1110
1111,4397,1111
1112,1182,1112
1113,3047,1113
1114,3197,1114
1115,2025,1115
1116,3000,1116
1117,1235,1117
1118,1643,1118
1119,4897,1119
1120,769,1120
1121,3536,1121
1122,3861,1122
1123,47,1123
1124,4019,1124
1125,4077,1125
1126,2408,1126
1127,5635,1127
1128,50,1128
1129,4575,1129
1130,713,1130
1131,2315,1131
1132,4827,1132
1133,3128,1133
1134,3622,1134
1135,5996,1135
1136,5602,1136
1137,955,1137
1138,861,1138
1139,2066,1139
1140,3204,1140
1141,2569,1141
1142,1211,1142
1143,4848,1143
1144,1943,1144
1145,4041,1145
1146,5428,1146
1147,2169,1147
1148,2945,1148
1149,586,1149
1150,3063,1150
1151,3508,1151
1152,4653,1152
1153,2736,1153
1154,416,1154
1155,1145,1155
1156,1967,1156
1157,1846,1157
1158,3865,1158
1159,3216,1159
1160,3277,1160
1161,4563,1161
1162,4788,1162
1163,1417,1163
1164,2266,1164
1165,2242,1165
1166,3140,1166
1167,420,1167
1168,3019,1168
1169,3069,1169
1170,2621,1170
1171,4831,1171
1172,2465,1172
1173,5863,1173
1174,5107,1174
1175,2669,1175
1176,3708,1176
1177,1203,1177
1178,1705,1178
1179,4005,1179
1180,1193,1180
1181,3587,1181
1182,486,1182
1183,5436,1183
1184,2025,1184
1185,5876,1185
1186,451,1186
1187,3571,1187
1188,5043,1188
1189,261,1189
1190,3859,1190
1191,3660,1191
1192,2499,1192
1193,353,1193
1194,480,1194
1195,4841,1195
1196,342,1196
1197,4872,1197
1198,5699,1198
1199,5314,1199
1200,240,1200
1201,4686,1201
1202,5763,1202
1203,2984,1203
1204,5484,1204
1205,1647,1205
1206,5701,1206
1207,3815,1207
1208,1932,1208
1209,5849,1209
1210,4657,1210
1211,5242,1211
1212,4063,1212
1213,5516,1213
1214,1513,1214
1215,5568,1215
1216,3046,1216
1217,2754,1217
1218,4746,1218
1219,2251,1219
1220,4555,1220
1221,864,1221
1222,505,1222
1223,448,1223
1224,2786,1224
1225,4842,1225
1226,5805,1226
1227,19,1227
1228,5774,1228
1229,1994,1229
1230,3664,1230
1231,4543,1231
1232,1760,1232
1233,4415,1233
1234,1795,1234
1235,5621,1235
1236,2870,1236
1237,1254,1237
1238,2268,1238
1239,5936,1239
1240,856,1240
1241,4397,1241
1242,2232,1242
1243,5157,1243
1244,2088,1244
1245,4224,1245
1246,5425,1246
1247,5852,1247
1248,3319,1248
1249,4694,1249
1250,4807,1250
1251,4037,1251
1252,2045,1252
1253,4921,1253
1254,4113,1254
1255,969,1255
1256,5538,1256
1257,1847,1257
1258,2626,1258
1259,3133,1259
1260,2758,1260
1261,1442,1261
1262,828,1262
1263,184,1263
1264,5505,1264
1265,4144,1265
1266,2921,1266
1267,1876,1267
1268,3169,1268
1269,3969,1269
1270,1469,1270
1271,2666,1271
1272,5466,1272
1273,5879,1273
1274,5629,1274
1275,831,1275
1276,3415,1276
1277,575,1277
1278,5559,1278
1279,3474,1279
1280,4738,1280
1281,3935,1281
1282,5673,1282
1283,1811,1283
1284,5571,1284
1285,3753,1285
1286,2439,1286
1287,4557,1287
1288,4198,1288
1289,3370,1289
1290,339,1290
1291,5094,1291
1292,2121,1292
1293,2103,1293
1294,537,1294
1295,4445,1295
1296,3419,1296
1297,2184,1297
1298,2594,1298
1299,4784,1299
1300,2895,1300
1301,3106,1301
1302,4341,1302
1303,1427,1303
1304,2966,1304
1305,958,1305
1306,2739,1306
1307,2878,1307
1308,2714,1308
1309,409,1309
1310,5176,1310
1311,4519,1311
1312,1826,1312
1313,522,1313
1314,2228,1314
1315,4098,1315
1316,3482,1316
1317,563,1317
1318,5431,1318
1319,40,1319
1320,5473,1320
1321,361,1321
1322,5062,1322
1323,3029,1323
1324,1974,1324
1325,5628,1325
1326,1316,1326
1327,3086,1327
1328,1563,1328
1329,5910,1329
1330,3583,1330
1331,633,1331
1332,54,1332
1333,5584,1333
1334,804,1334
1335,716,1335
1336,5745,1336
1337,437,1337
1338,3077,1338
1339,4681,1339
1340,5578,1340
1341,5984,1341
1342,4843,1342
1343,3150,1343
1344,5575,1344
1345,692,1345
1346,5013,1346
1347,168,1347
1348,5702,1348
1349,3758,1349
1350,1478,1350
1351,786,1351
1352,4046,1352
1353,4983,1353
1354,2317,1354
1355,3261,1355
1356,3869,1356
1357,5623,1357
1358,5987,1358
1359,4337,1359
1360,5701,1360
1361,3893,1361
1362,5529,1362
1363,1828,1363
1364,3181,1364
1365,5006,1365
1366,1654,1366
1367,4905,1367
1368,5838,1368
1369,3278,1369
1370,221,1370
1371,1122,1371
1372,428,1372
1373,2931,1373
1374,3296,1374
1375,4272,1375
1376,2794,1376
1377,4760,1377
1378,1535,1378
1379,4647,1379
1380,2506,1380
1381,3777,1381
1382,5158,1382
1383,3243,1383
1384,799,1384
1385,4372,1385
1386,1218,1386
1387,1788,1387
1388,450,1388
1389,2356,1389
1390,2295,1390
1391,5320,1391
1392,2392,1392
1393,5543,1393
1394,6,1394
1395,5244,1395
1396,5860,1396
1397,4231,1397
1398,62,1398
1399,4532,1399
1400,2898,1400
1401,2110,1401
1402,1740,1402
1403,2816,1403
1404,3922,1404
1405,2707,1405
1406,5820,1406
1407,5702,1407
1408,943,1408
1409,2517,1409
1410,3078,1410
1411,1622,1411
1412,2799,1412
1413,5420,1413
1414,4485,1414
1415,988,1415
1416,4522,1416
1417,5905,1417
1418,2156,1418
1419,2274,1419
1420,611,1420
1421,959,1421
1422,5033,1422
1423,1968,1423
1424,1586,1424
1425,4249,1425
1426,3085,1426
1427,82,1427
1428,4763,1428
1429,3453,1429
1430,573,1430
1431,98,1431
1432,3660,1432
1433,2247,1433
1434,641,1434
1435,3841,1435
1436,5852,1436
1437,2542,1437
1438,4119,1438
1439,5843,1439
1440,2482,1440
1441,108,1441
1442,3012,1442
1443,4251,1443
1444,1898,1444
1445,1668,1445
1446,5659,1446
1447,272,1447
1448,5138,1448
1449,5960,1449
1450,1980,1450
1451,5522,1451
1452,2146,1452
1453,5125,1453
1454,3660,1454
1455,443,1455
1456,2711,1456
1457,2014,1457
1458,5390,1458
1459,1231,1459
1460,1174,1460
1461,1776,1461
1462,1603,1462
1463,3365,1463
1464,4912,1464
1465,199,1465
1466,2293,1466
1467,4974,1467
1468,5554,1468
1469,892,1469
1470,5690,1470
1471,850,1471
1472,4708,1472
1473,428,1473
1474,2608,1474
1475,1867,1475
1476,4811,1476
1477,3016,1477
1478,1312,1478
1479,1063,1479
1480,2415,1480
1481,2184,1481
1482,691,1482
1483,462,1483
1484,1907,1484
1485,311,1485
1486,1428,1486
1487,61,1487
1488,4269,1488
1489,5594,1489
1490,1664,1490
1491,124,1491
1492,4016,1492
1493,290,1493
1494,3438,1494
1495,4143,1495
1496,1956,1496
1497,5688,1497
1498,4870,1498
1499,2420,1499
1500,1809,1500
1501,2391,1
1502,4695,2
1503,1302,3
1504,1098,4
1505,3007,5
1506,2342,6
1507,4590,7
1508,3012,8
1509,2295,9
1510,258,10
1511,3591,11
1512,181,12
1513,1253,13
1514,3622,14
1515,4635,15
1516,1456,16
1517,4440,17
1518,2005,18
1519,1707,19
1520,2923,20
1521,140,21
1522,3822,22
1523,1092,23
1524,4386,24
1525,648,25
1526,5731,26
1527,4594,27
1528,4578,28
1529,5160,29
1530,5286,30
1531,2047,31
1532,2250,32
1533,303,33
1534,2337,34
1535,2370,35
1536,2152,36
1537,5400,37
1538,712,38
1539,5430,39
1540,727,40
1541,1000,41
1542,4738,42
1543,4395,43
1544,2046,44
1545,4135,45
1546,1123,46
1547,4167,47
1548,2222,48
1549,103,49
1550,3594,50
1551,5757,51
1552,95,52
1553,2335,53
1554,1520,54
1555,5226,55
1556,5582,56
1557,5143,57
1558,500,58
1559,1019,59
1560,515,60
1561,4799,61
1562,625,62
1563,5115,63
1564,4263,64
1565,2470,65
1566,4729,66
1567,3491,67
1568,3734,68
1569,76,69
1570,545,70
1571,3896,71
1572,707,72
1573,1113,73
1574,1172,74
1575,5864,75
1576,2617,76
1577,4859,77
1578,3748,78
1579,3263,79
1580,2151,80
1581,258,81
1582,562,82
1583,5498,83
1584,4052,84
1585,1030,85
1586,2208,86
1587,1732,87
1588,629,88
1589,280,89
1590,2627,90
1591,3159,91
1592,4420,92
1593,3041,93
1594,3083,94
1595,1513,95
1596,1394,96
1597,4764,97
1598,4270,98
1599,5531,99
1600,4914,100
1601,2805,101
1602,4806,102
1603,1105,103
1604,3511,104
1605,4434,105
1606,405,106
1607,3288,107
1608,4211,108
1609,2771,109
1610,944,110
1611,3178,111
1612,5864,112
1613,1430,113
1614,4559,114
1615,47,115
1616,3501,116
1617,1386,117
1618,697,118
1619,2788,119
1620,5315,120
1621,1858,121
1622,3856,122
1623,986,123
1624,333,124
1625,588,125
1626,2401,126
1627,489,127
1628,3252,128
1629,2041,129
1630,4515,130
1631,3462,131
1632,3307,132
1633,4548,133
1634,1914,134
1635,2388,135
1636,2284,136
1637,1403,137
1638,1454,138
1639,3397,139
1640,5078,140
1641,4307,141
1642,5230,142
1643,710,143
1644,311,144
1645,4416,145
1646,1140,146
1647,2771,147
1648,2679,148
1649,4512,149
1650,4214,150
1651,1904,151
1652,2714,152
1653,5542,153
1654,291,154
1655,5001,155
1656,5640,156
1657,5921,157
1658,1800,158
1659,2881,159
1660,2915,160
1661,590,161
1662,4553,162
1663,4529,163
1664,3920,164
1665,2847,165
1666,547,166
1667,3397,167
1668,3039,168
1669,3429,169
1670,4758,170
1671,2409,171
1672,1113,172
1673,2246,173
1674,1887,174
1675,172,175
1676,3922,176
1677,485,177
1678,3892,178
1679,3209,179
1680,3946,180
1681,604,181
1682,4966,182
1683,5777,183
1684,3218,184
1685,4941,185
1686,3393,186
1687,4025,187
1688,4549,188
1689,311,189
1690,1418,190
1691,4853,191
1692,5833,192
1693,2083,193
1694,2876,194
1695,5918,195
1696,5492,196
1697,4709,197
1698,5956,198
1699,1712,199
1700,4430,200
1701,4715,201
1702,2925,202
1703,1573,203
1704,1074,204
1705,4483,205
1706,2142,206
1707,2884,207
1708,3265,208
1709,1077,209
1710,2057,210
1711,2489,211
1712,3878,212
1713,5581,213
1714,2200,214
1715,1648,215
1716,4067,216
1717,5182,217
1718,4479,218
1719,2497,219
1720,3050,220
1721,341,221
1722,1241,222
1723,3123,223
1724,229,224
1725,1028,225
1726,2751,226
1727,3929,227
1728,331,228
1729,1003,229
1730,3773,230
1731,3951,231
1732,3039,232
1733,5585,233
1734,2980,234
1735,218,235
1736,1301,236
1737,4288,237
1738,1855,238
1739,4148,239
1740,5200,240
1741,3006,241
1742,5649,242
1743,2249,243
1744,2855,244
1745,3228,245
1746,1764,246
1747,4162,247
1748,4377,248
1749,1991,249
1750,719,250
1751,5269,251
1752,1385,252
1753,1910,253
1754,5548,254
1755,1700,255
1756,1010,256
1757,1722,257
1758,1099,258
1759,4645,259
1760,5664,260
1761,2337,261
1762,5325,262
1763,4375,263
1764,148,264
1765,1306,265
1766,2114,266
1767,2292,267
1768,3929,268
1769,69,269
1770,1701,270
1771,3737,271
1772,531,272
1773,3161,273
1774,2084,274
1775,1060,275
1776,4158,276
1777,2829,277
1778,5163,278
1779,1724,279
1780,3669,280
1781,4263,281
1782,4636,282
1783,3900,283
1784,4013,284
1785,3751,285
1786,4835,286
1787,2113,287
1788,5168,288
1789,697,289
1790,2862,290
1791,101,291
1792,471,292
1793,4458,293
1794,4442,294
1795,997,295
1796,4026,296
1797,2422,297
1798,931,298
1799,411,299
1800,609,300
1801,4640,301
1802,4861,302
1803,5870,303
1804,1161,304
1805,2707,305
1806,4299,306
1807,4338,307
1808,2555,308
1809,2313,309
1810,128,310
1811,356,311
1812,1900,312
1813,4143,313
1814,1103,314
1815,449,315
1816,1079,316
1817,2447,317
1818,1261,318
1819,1145,319
1820,2682,320
1821,674,321
1822,877,322
1823,5955,323
1824,1833,324
1825,3135,325
1826,1765,326
1827,1187,327
1828,3700,328
1829,2572,329
1830,196,330
1831,3405,331
1832,5721,332
1833,1978,333
1834,4201,334
1835,2701,335
1836,747,336
1837,786,337
1838,4378,338
1839,5775,339
1840,4397,340
1841,885,341
1842,669,342
1843,3054,343
1844,991,344
1845,2599,345
1846,1840,346
1847,2774,347
1848,5378,348
1849,940,349
1850,5575,350
1851,2065,351
1852,925,352
1853,2018,353
1854,5253,354
1855,4656,355
1856,4769,356
1857,4546,357
1858,563,358
1859,4782,359
1860,4240,360
1861,1823,361
1862,5085,362
1863,5356,363
1864,1093,364
1865,1494,365
1866,966,366
1867,1297,367
1868,2856,368
1869,1719,369
1870,671,370
1871,248,371
1872,1209,372
1873,1170,373
1874,4638,374
1875,2648,375
1876,1856,376
1877,501,377
1878,5414,378
1879,3324,379
1880,825,380
1881,548,381
1882,5557,382
1883,3361,383
1884,2570,384
1885,1681,385
1886,2241,386
1887,4118,387
1888,1583,388
1889,1171,389
1890,4040,390
1891,694,391
1892,3539,392
1893,1491,393
1894,930,394
1895,4154,395
1896,2217,396
1897,3792,397
1898,956,398
1899,4125,399
1900,2616,400
1901,5705,401
1902,2422,402
1903,4246,403
1904,4781,404
1905,852,405
1906,792,406
1907,157,407
1908,2933,408
1909,3193,409
1910,734,410
1911,1434,411
1912,420,412
1913,477,413
1914,1953,414
1915,972,415
1916,2989,416
1917,5659,417
1918,4606,418
1919,1884,419
1920,2698,420
1921,3180,421
1922,2144,422
1923,1013,423
1924,586,424
1925,471,425
1926,2469,426
1927,3530,427
1928,5967,428
1929,3934,429
1930,217,430
1931,3029,431
1932,5871,432
1933,1025,433
1934,5886,434
1935,5787,435
1936,5760,436
1937,3806,437
1938,1350,438
1939,645,439
1940,211,440
1941,2576,441
1942,2054,442
1943,3123,443
1944,3713,444
1945,4836,445
1946,3908,446
1947,4018,447
1948,1163,448
1949,944,449
1950,1502,450
1951,4803,451
1952,5007,452
1953,5319,453
1954,1879,454
1955,4619,455
1956,5253,456
1957,5059,457
1958,2594,458
1959,4611,459
1960,5814,460
1961,2202,461
1962,2229,462
1963,4716,463
1964,1837,464
1965,5743,465
1966,1960,466
1967,5840,467
1968,5740,468
1969,2746,469
1970,4054,470
1971,4585,471
1972,761,472
1973,2675,473
1974,1467,474
1975,4383,475
1976,3774,476
1977,1148,477
1978,1903,478
1979,4038,479
1980,81,480
1981,969,481
1982,5845,482
1983,2194,483
1984,3708,484
1985,3300,485
1986,5118,486
1987,4289,487
1988,1568,488
1989,4282,489
1990,597,490
1991,4956,491
1992,2543,492
1993,4367,493
1994,584,494
1995,3737,495
1996,3255,496
1997,2902,497
1998,3298,498
1999,1243,499
2000,2860,500
2001,5357,501
2002,3734,502
2003,708,503
2004,1765,504
2005,4726,505
2006,903,506
2007,5981,507
2008,1660,508
2009,367,509
2010,2191,510
2011,5717,511
2012,2650,512
2013,2567,513
2014,1186,514
2015,517,515
2016,5649,516
2017,5689,517
2018,5910,518
2019,1299,519
2020,2497,520
2021,724,521
2022,1923,522
2023,5111,523
2024,4471,524
2025,5444,525
2026,5179,526
2027,4970,527
2028,4047,528
2029,3234,529
2030,939,530
2031,5124,531
2032,2888,532
2033,1934,533
2034,5361,534
2035,2366,535
2036,1045,536
2037,5741,537
2038,3629,538
2039,5747,539
2040,4378,540
2041,391,541
2042,2732,542
2043,5122,543
2044,3093,544
2045,4416,545
2046,4082,546
2047,5547,547
2048,2167,548
2049,5299,549
2050,1291,550
2051,3540,551
2052,4226,552
2053,849,553
2054,1412,554
2055,4643,555
2056,5164,556
2057,4964,557
2058,3896,558
2059,5603,559
2060,4467,560
2061,1353,561
2062,429,562
2063,2817,563
2064,1817,564
2065,525,565
2066,2613,566
2067,1387,567
2068,3092,568
2069,4592,569
2070,1248,570
2071,4376,571
2072,356,572
2073,5074,573
2074,629,574
2075,5432,575
2076,3860,576
2077,2992,577
2078,1972,578
2079,39,579
2080,3434,580
2081,72,581
2082,3596,582
2083,1120,583
2084,1935,584
2085,830,585
2086,4050,586
2087,5693,587
2088,4653,588
2089,5734,589
2090,3791,590
2091,2616,591
2092,1757,592
2093,5460,593
2094,5441,594
2095,5292,595
2096,5957,596
2097,3566,597
2098,5937,598
2099,1435,599
2100,2596,600
2101,3586,601
2102,4192,602
2103,716,603
2104,2405,604
2105,2740,605
2106,1062,606
2107,4172,607
2108,4026,608
2109,2023,609
2110,548,610
2111,899,611
2112,2296,612
2113,3472,613
2114,270,614
2115,3470,615
2116,1080,616
2117,3875,617
2118,5218,618
2119,18,619
2120,2149,620
2121,2099,621
2122,1780,622
2123,1762,623
2124,304,624
2125,2546,625
2126,2905,626
2127,2061,627
2128,5525,628
2129,4021,629
2130,102,630
2131,4864,631
2132,5474,632
2133,5536,633
2134,1726,634
2135,568,635
2136,2192,636
2137,197,637
2138,3725,638
2139,5945,639
2140,1200,640
2141,5436,641
2142,630,642
2143,3857,643
2144,5615,644
2145,2372,645
2146,5176,646
2147,5956,647
2148,172,648
2149,3050,649
2150,2438,650
2151,5537,651
2152,2263,652
2153,5710,653
2154,4820,654
2155,4051,655
2156,5290,656
2157,3087,657
2158,3624,658
2159,5611,659
2160,3738,660
2161,1020,661
2162,5268,662
2163,1078,663
2164,3402,664
2165,346,665
2166,1443,666
2167,2979,667
2168,4202,668
2169,4253,669
2170,2763,670
2171,664,671
2172,926,672
2173,5810,673
2174,536,674
2175,1633,675
2176,1110,676
2177,444,677
2178,3408,678
2179,5984,679
2180,5059,680
2181,1610,681
2182,2623,682
2183,2373,683
2184,4722,684
2185,782,685
2186,3598,686
2187,5732,687
2188,5847,688
2189,3254,689
2190,400,690
2191,1316,691
2192,5404,692
2193,4998,693
2194,1540,694
2195,4385,695
2196,3842,696
2197,1077,697
2198,4261,698
2199,35,699
2200,1207,700
2201,4726,701
2202,204,702
2203,3285,703
2204,3590,704
2205,4327,705
2206,5958,706
2207,3610,707
2208,3702,708
2209,3046,709
2210,5600,710
2211,2607,711
2212,2698,712
2213,4822,713
2214,823,714
2215,2400,715
2216,1584,716
2217,2866,717
2218,1720,718
2219,5776,719
2220,1715,720
2221,2604,721
2222,5658,722
2223,858,723
2224,1016,724
2225,2334,725
2226,5034,726
2227,3361,727
2228,1570,728
2229,3533,729
2230,4925,730
2231,2162,731
2232,5231,732
2233,959,733
2234,2897,734
2235,5038,735
2236,4823,736
2237,2226,737
2238,5335,738
2239,3001,739
2240,1353,740
2241,3612,741
2242,1738,742
2243,3635,743
2244,2444,744
2245,1292,745
2246,2474,746
2247,291,747
2248,5956,748
2249,5102,749
2250,4387,750
2251,2856,751
2252,1392,752
2253,5291,753
2254,567,754
2255,1149,755
2256,340,756
2257,5490,757
2258,1433,758
2259,1701,759
2260,5710,760
2261,1330,761
2262,5999,762
2263,4913,763
2264,2018,764
2265,5835,765
2266,2947,766
2267,4161,767
2268,3404,768
2269,5746,769
2270,721,770
2271,5521,771
2272,4406,772
2273,1541,773
2274,468,774
2275,4238,775
2276,821,776
2277,5792,777
2278,5147,778
2279,4056,779
2280,4212,780
2281,3991,781
2282,2590,782
2283,5834,783
2284,3790,784
2285,4759,785
2286,5664,786
2287,4750,787
2288,1510,788
2289,2647,789
2290,1050,790
2291,578,791
2292,2259,792
2293,2476,793
2294,3372,794
2295,5267,795
2296,3000,796
2297,3288,797
2298,1651,798
2299,2134,799
2300,4667,800
2301,2589,801
2302,4167,802
2303,5557,803
2304,433,804
2305,3583,805
2306,3910,806
2307,3058,807
2308,1805,808
2309,1583,809
2310,5795,810
2311,1093,811
2312,5707,812
2313,2658,813
2314,791,814
2315,3740,815
2316,5390,816
2317,5949,817
2318,2978,818
2319,5791,819
2320,3618,820
2321,4848,821
2322,5389,822
2323,503,823
2324,2116,824
2325,5444,825
2326,3248,826
2327,1427,827
2328,2761,828
2329,3321,829
2330,4930,830
2331,1408,831
2332,1404,832
2333,5860,833
2334,5585,834
2335,5838,835
2336,571,836
2337,2732,837
2338,1965,838
2339,1813,839
2340,2604,840
2341,4246,841
2342,3499,842
2343,3730,843
2344,3997,844
2345,3609,845
2346,4108,846
2347,3252,847
2348,2896,848
2349,997,849
2350,3651,850
2351,1391,851
2352,2808,852
2353,4634,853
2354,5202,854
2355,4679,855
2356,617,856
2357,752,857
2358,4650,858
2359,109,859
2360,4007,860
2361,2515,861
2362,2272,862
2363,4637,863
2364,4267,864
2365,3526,865
2366,2128,866
2367,2601,867
2368,3366,868
2369,611,869
2370,4130,870
2371,406,871
2372,4935,872
2373,1005,873
2374,3721,874
2375,270,875
2376,5553,876
2377,3002,877
2378,1003,878
2379,1686,879
2380,3388,880
2381,436,881
2382,3061,882
2383,4577,883
2384,1863,884
2385,2181,885
2386,4055,886
2387,5862,887
2388,4558,888
2389,4036,889
2390,1414,890
2391,1339,891
2392,2029,892
2393,44,893
2394,1161,894
2395,3415,895
2396,1678,896
2397,5362,897
2398,5058,898
2399,2268,899
2400,2115,900
2401,1360,901
2402,803,902
2403,5534,903
2404,3806,904
2405,5553,905
2406,48,906
2407,3539,907
2408,5980,908
2409,4408,909
2410,1467,910
2411,3472,911
2412,5977,912
2413,5898,913
2414,3450,914
2415,4704,915
2416,3305,916
2417,2944,917
2418,1385,918
2419,4713,919
2420,726,920
2421,629,921
2422,3689,922
2423,2750,923
2424,674,924
2425,3190,925
2426,3013,926
2427,4504,927
2428,5227,928
2429,1405,929
2430,123,930
2431,3609,931
2432,5708,932
2433,1030,933
2434,4098,934
2435,4790,935
2436,1793,936
2437,380,937
2438,5443,938
2439,4924,939
2440,3732,940
2441,4075,941
2442,4702,942
2443,2137,943
2444,2960,944
2445,2313,945
2446,2039,946
2447,1377,947
2448,3976,948
2449,4789,949
2450,1058,950
2451,5664,951
2452,3929,952
2453,5634,953
2454,938,954
2455,5375,955
2456,5808,956
2457,4357,957
2458,4616,958
2459,3569,959
2460,582,960
2461,5906,961
2462,5427,962
2463,5417,963
2464,968,964
2465,2467,965
2466,154,966
2467,2278,967
2468,818,968
2469,597,969
2470,988,970
2471,1927,971
2472,3329,972
2473,1690,973
2474,4314,974
2475,5790,975
2476,473,976
2477,5613,977
2478,4658,978
2479,3868,979
2480,3141,980
2481,4639,981
2482,3438,982
2483,2265,983
2484,4528,984
2485,5503,985
2486,4428,986
2487,2942,987
2488,2285,988
2489,1583,989
2490,1062,990
2491,2409,991
2492,1886,992
2493,778,993
2494,4803,994
2495,3675,995
2496,495,996
2497,1701,997
2498,4944,998
2499,1714,999
2500,1435,1000
2501,5265,1001
2502,138,1002
2503,3202,1003
2504,2076,1004
2505,644,1005
2506,990,1006
2507,4105,1007
2508,4648,1008
2509,3932,1009
2510,4865,1010
2511,2039,1011
2512,72,1012
2513,605,1013
2514,4937,1014
2515,51,1015
2516,1460,1016
2517,3111,1017
2518,1237,1018
2519,2669,1019
2520,4413,1020
2521,2554,1021
2522,2181,1022
2523,3691,1023
2524,5670,1024
2525,549,1025
2526,2692,1026
2527,2228,1027
2528,2007,1028
2529,5836,1029
2530,1589,1030
2531,3038,1031
2532,3600,1032
2533,4218,1033
2534,466,1034
2535,5105,1035
2536,2276,1036
2537,3796,1037
2538,4689,1038
2539,2799,1039
2540,3262,1040
2541,2305,1041
2542,571,1042
2543,4759,1043
2544,5141,1044
2545,1630,1045
2546,5086,1046
2547,4891,1047
2548,772,1048
2549,4333,1049
2550,5745,1050
2551,5561,1051
2552,5923,1052
2553,118,1053
2554,2483,1054
2555,1180,1055
2556,251,1056
2557,4814,1057
2558,2505,1058
2559,949,1059
2560,3180,1060
2561,4439,1061
2562,5166,1062
2563,516,1063
2564,2958,1064
2565,4391,1065
2566,2911,1066
2567,5736,1067
2568,953,1068
2569,4738,1069
2570,2326,1070
2571,5618,1071
2572,2899,1072
2573,2873,1073
2574,162,1074
2575,1827,1075
2576,4415,1076
2577,2627,1077
2578,3085,1078
2579,854,1079
2580,3651,1080
2581,121,1081
2582,4637,1082
2583,200,1083
2584,3431,1084
2585,3298,1085
2586,585,1086
2587,1472,1087
2588,639,1088
2589,185,1089
2590,4508,1090
2591,3416,1091
2592,5994,1092
2593,2427,1093
2594,3017,1094
2595,354,1095
2596,617,1096
2597,3647,1097
2598,2528,1098
2599,2485,1099
2600,5059,1100
2601,4554,1101
2602,4959,1102
2603,3819,1103
2604,1597,1104
2605,4582,1105
2606,122,1106
2607,5386,1107
2608,3746,1108
2609,3116,1109
2610,1874,1110
2611,1558,1111
2612,1949,1112
2613,4079,1113
2614,5398,1114
2615,45,1115
2616,3409,1116
2617,3808,1117
2618,2154,1118
2619,5230,1119
2620,939,1120
2621,5741,1121
2622,5186,1122
2623,2072,1123
2624,4569,1124
2625,457,1125
2626,4566,1126
2627,3801,1127
2628,2433,1128
2629,2100,1129
2630,4732,1130
2631,3078,1131
2632,202,1132
2633,88,1133
2634,471,1134
2635,3152,1135
2636,5006,1136
2637,4384,1137
2638,158,1138
2639,2853,1139
2640,2362,1140
2641,3363,1141
2642,1685,1142
2643,1034,1143
2644,5215,1144
2645,1541,1145
2646,2314,1146
2647,4225,1147
2648,651,1148
2649,4064,1149
2650,338,1150
2651,1912,1151
2652,260,1152
2653,5981,1153
2654,4122,1154
2655,906,1155
2656,4514,1156
2657,815,1157
2658,2621,1158
2659,3757,1159
2660,1781,1160
2661,2946,1161
2662,1050,1162
2663,2121,1163
2664,4854,1164
2665,3708,1165
2666,3760,1166
2667,4340,1167
2668,2040,1168
2669,5938,1169
2670,1820,1170
2671,1327,1171
2672,3958,1172
2673,2019,1173
2674,1107,1174
2675,4079,1175
2676,3226,1176
2677,2143,1177
2678,3964,1178
2679,1832,1179
2680,239,1180
2681,4698,1181
2682,5705,1182
2683,2004,1183
2684,114,1184
2685,5277,1185
2686,364,1186
2687,3614,1187
2688,1762,1188
2689,2803,1189
2690,2192,1190
2691,883,1191
2692,5843,1192
2693,2785,1193
2694,370,1194
2695,1143,1195
2696,71,1196
2697,4565,1197
2698,419,1198
2699,3067,1199
2700,2037,1200
2701,5813,1201
2702,2626,1202
2703,1520,1203
2704,5292,1204
2705,1260,1205
2706,5646,1206
2707,4117,1207
2708,2011,1208
2709,3904,1209
2710,2227,1210
2711,1721,1211
2712,5009,1212
2713,5574,1213
2714,5673,1214
2715,4756,1215
2716,3322,1216
2717,5820,1217
2718,2306,1218
2719,3274,1219
2720,4915,1220
2721,5629,1221
2722,2795,1222
2723,3203,1223
2724,3383,1224
2725,1446,1225
2726,1682,1226
2727,145,1227
2728,4714,1228
2729,3361,1229
2730,5929,1230
2731,3455,1231
2732,1404,1232
2733,5188,1233
2734,3685,1234
2735,3168,1235
2736,4272,1236
2737,1424,1237
2738,1784,1238
2739,4554,1239
2740,1387,1240
2741,801,1241
2742,2773,1242
2743,3799,1243
2744,4520,1244
2745,2299,1245
2746,3452,1246
2747,3409,1247
2748,2420,1248
2749,5076,1249
2750,3054,1250
2751,3513,1251
2752,5087,1252
2753,796,1253
2754,270,1254
2755,3219,1255
2756,25,1256
2757,1321,1257
2758,4335,1258
2759,2640,1259
2760,2156,1260
2761,613,1261
2762,337,1262
2763,3050,1263
2764,5781,1264
2765,5052,1265
2766,820,1266
2767,5957,1267
2768,3550,1268
2769,3149,1269
2770,4543,1270
2771,5636,1271
2772,3982,1272
2773,3841,1273
2774,3064,1274
2775,1823,1275
2776,1520,1276
2777,2237,1277
2778,4476,1278
2779,3934,1279
2780,5562,1280
2781,733,1281
2782,5301,1282
2783,5179,1283
2784,1241,1284
2785,1988,1285
2786,2083,1286
2787,4510,1287
2788,1035,1288
2789,2181,1289
2790,1778,1290
2791,4203,1291
2792,509,1292
2793,4412,1293
2794,2447,1294
2795,3302,1295
2796,5687,1296
2797,2908,1297
2798,1189,1298
2799,5940,1299
2800,3615,1300
2801,5014,1301
2802,4540,1302
2803,4805,1303
2804,1769,1304
2805,3644,1305
2806,1849,1306
2807,5696,1307
2808,3910,1308
2809,25,1309
2810,4339,1310
2811,3256,1311
2812,3924,1312
2813,3158,1313
2814,5703,1314
2815,510,1315
2816,3038,1316
2817,4462,1317
2818,2145,1318
2819,1848,1319
2820,1599,1320
2821,3510,1321
2822,813,1322
2823,512,1323
2824,4335,1324
2825,3692,1325
2826,1502,1326
2827,3549,1327
2828,1681,1328
2829,2970,1329
2830,5413,1330
2831,5458,1331
2832,3383,1332
2833,2677,1333
2834,554,1334
2835,4561,1335
2836,94,1336
2837,515,1337
2838,4167,1338
2839,5258,1339
2840,217,1340
2841,2583,1341
2842,2231,1342
2843,4995,1343
2844,610,1344
2845,1341,1345
2846,4749,1346
2847,4805,1347
2848,5172,1348
2849,5936,1349
2850,5116,1350
2851,4798,1351
2852,2605,1352
2853,2327,1353
2854,340,1354
2855,2896,1355
2856,5863,1356
2857,2990,1357
2858,4372,1358
2859,2498,1359
2860,1012,1360
2861,3870,1361
2862,3191,1362
2863,558,1363
2864,2287,1364
2865,1511,1365
2866,3580,1366
2867,3813,1367
2868,1203,1368
2869,18,1369
2870,3843,1370
2871,1585,1371
2872,2554,1372
2873,1633,1373
2874,3872,1374
2875,693,1375
2876,5052,1376
2877,2351,1377
2878,134,1378
2879,5591,1379
2880,5216,1380
2881,4975,1381
2882,4219,1382
2883,2830,1383
2884,3916,1384
2885,4514,1385
2886,1605,1386
2887,1376,1387
2888,1708,1388
2889,4712,1389
2890,239,1390
2891,1209,1391
2892,3774,1392
2893,5852,1393
2894,433,1394
2895,5916,1395
2896,3874,1396
2897,748,1397
2898,395,1398
2899,2743,1399
2900,1273,1400
2901,4058,1401
2902,3483,1402
2903,3783,1403
2904,1090,1404
2905,1704,1405
2906,1951,1406
2907,548,1407
2908,4920,1408
2909,286,1409
2910,5633,1410
2911,3297,1411
2912,4962,1412
2913,885,1413
2914,2549,1414
2915,3925,1415
2916,5155,1416
2917,1642,1417
2918,1952,1418
2919,1214,1419
2920,5086,1420
2921,4895,1421
2922,4781,1422
2923,1578,1423
2924,2562,1424
2925,1480,1425
2926,5874,1426
2927,3255,1427
2928,2892,1428
2929,3111,1429
2930,2617,1430
2931,3158,1431
2932,944,1432
2933,3453,1433
2934,5976,1434
2935,3280,1435
2936,4020,1436
2937,1657,1437
2938,58,1438
2939,5648,1439
2940,5524,1440
2941,726,1441
2942,5475,1442
2943,5420,1443
2944,1262,1444
2945,1094,1445
2946,5884,1446
2947,2680,1447
2948,1984,1448
2949,3295,1449
2950,2064,1450
2951,956,1451
2952,5534,1452
2953,2472,1453
2954,3859,1454
2955,316,1455
2956,1624,1456
2957,3835,1457
2958,1203,1458
2959,5264,1459
2960,3884,1460
2961,1959,1461
2962,1262,1462
2963,4350,1463
2964,5343,1464
2965,2012,1465
2966,1491,1466
2967,3625,1467
2968,1023,1468
2969,1690,1469
2970,2122,1470
2971,5699,1471
2972,4714,1472
2973,4679,1473
2974,215,1474
2975,4197,1475
2976,2373,1476
2977,48,1477
2978,4998,1478
2979,3923,1479
2980,1880,1480
2981,4900,1481
2982,2718,1482
2983,1976,1483
2984,2121,1484
2985,4035,1485
2986,702,1486
2987,2434,1487
2988,1520,1488
2989,4219,1489
2990,2684,1490
2991,1023,1491
2992,5281,1492
2993,5921,1493
2994,811,1494
2995,453,1495
2996,1618,1496
2997,110,1497
2998,3974,1498
2999,3780,1499
3000,240,1500
3001,5852,1
3002,3344,2
3003,2262,3
3004,5293,4
3005,37,5
3006,106,6
3007,3776,7
3008,3796,8
3009,1596,9
3010,1466,10
3011,5809,11
3012,5417,12
3013,5049,13
3014,3029,14
3015,1523,15
3016,2170,16
3017,97,17
3018,4593,18
3019,226,19
3020,3267,20
3021,3350,21
3022,4279,22
3023,4914,23
3024,2989,24
3025,5037,25
3026,764,26
3027,3302,27
3028,3962,28
3029,3764,29
3030,5145,30
3031,917,31
3032,730,32
3033,2064,33
3034,635,34
3035,3484,35
3036,4913,36
3037,2525,37
3038,1973,38
3039,883,39
3040,1618,40
3041,879,41
3042,4979,42
3043,2439,43
3044,1043,44
3045,329,45
3046,201,46
3047,5266,47
3048,3472,48
3049,2860,49
3050,3056,50
3051,1749,51
3052,2005,52
3053,2074,53
3054,269,54
3055,5050,55
3056,1487,56
3057,4397,57
3058,2706,58
3059,787,59
3060,4150,60
3061,5212,61
3062,2002,62
3063,711,63
3064,2445,64
3065,3623,65
3066,4550,66
3067,2330,67
3068,5485,68
3069,2155,69
3070,3586,70
3071,2996,71
3072,1356,72
3073,3719,73
3074,2155,74
3075,5958,75
3076,3363,76
3077,5647,77
3078,2770,78
3079,5334,79
3080,2006,80
3081,1475,81
3082,1537,82
3083,807,83
3084,141,84
3085,5555,85
3086,3382,86
3087,3188,87
3088,2414,88
3089,5279,89
3090,863,90
3091,712,91
3092,1560,92
3093,985,93
3094,1810,94
3095,5136,95
3096,5693,96
3097,2224,97
3098,4725,98
3099,4314,99
3100,80,100
3101,1171,101
3102,1536,102
3103,8,103
3104,4295,104
3105,5509,105
3106,4845,106
3107,4170,107
3108,2914,108
3109,4053,109
3110,3358,110
3111,1870,111
3112,1149,112
3113,2806,113
3114,4593,114
3115,2436,115
3116,4010,116
3117,4982,117
3118,4411,118
3119,2155,119
3120,663,120
3121,5785,121
3122,4166,122
3123,4155,123
3124,4709,124
3125,5486,125
3126,4607,126
3127,1760,127
3128,104,128
3129,468,129
3130,2811,130
3131,2734,131
3132,3333,132
3133,5509,133
3134,2600,134
3135,3407,135
3136,1334,136
3137,1599,137
3138,3950,138
3139,3640,139
3140,1448,140
3141,71,141
3142,917,142
3143,2067,143
3144,4402,144
3145,1696,145
3146,4580,146
3147,1879,147
3148,4027,148
3149,2771,149
3150,5342,150
3151,761,151
3152,5973,152
3153,2985,153
3154,5811,154
3155,4321,155
3156,4277,156
3157,65,157
3158,5198,158
3159,2539,159
3160,3100,160
3161,3879,161
3162,4911,162
3163,3404,163
3164,5351,164
3165,5738,165
3166,625,166
3167,2934,167
3168,4325,168
3169,5185,169
3170,2724,170
3171,2302,171
3172,707,172
3173,2522,173
3174,480,174
3175,2717,175
3176,3600,176
3177,727,177
3178,1830,178
3179,1077,179
3180,4341,180
3181,3264,181
3182,5971,182
3183,2228,183
3184,19,184
3185,2552,185
3186,2316,186
3187,4902,187
3188,1641,188
3189,3596,189
3190,2654,190
3191,114,191
3192,3859,192
3193,2415,193
3194,3513,194
3195,2886,195
3196,5115,196
3197,1521,197
3198,2892,198
3199,2766,199
3200,915,200
3201,702,201
3202,3591,202
3203,5571,203
3204,4709,204
3205,2851,205
3206,2405,206
3207,4257,207
3208,4631,208
3209,1487,209
3210,2348,210
3211,2646,211
3212,5988,212
3213,4928,213
3214,4032,214
3215,99,215
3216,3007,216
3217,5902,217
3218,2086,218
3219,3935,219
3220,2902,220
3221,553,221
3222,5310,222
3223,3603,223
3224,4783,224
3225,1485,225
3226,2930,226
3227,4220,227
3228,3382,228
3229,3560,229
3230,3991,230
3231,5173,231
3232,888,232
3233,706,233
3234,2453,234
3235,1946,235
3236,5519,236
3237,2955,237
3238,5127,238
3239,2312,239
3240,652,240
3241,3333,241
3242,4987,242
3243,5360,243
3244,3549,244
3245,61,245
3246,2819,246
3247,1666,247
3248,3762,248
3249,4830,249
3250,5474,250
3251,3157,251
3252,2411,252
3253,2584,253
3254,1262,254
3255,3898,255
3256,4465,256
3257,458,257
3258,4231,258
3259,4161,259
3260,3093,260
3261,1047,261
3262,3199,262
3263,1697,263
3264,10,264
3265,2268,265
3266,2501,266
3267,116,267
3268,534,268
3269,2506,269
3270,3406,270
3271,4739,271
3272,808,272
3273,3653,273
3274,2141,274
3275,1136,275
3276,1302,276
3277,5992,277
3278,2307,278
3279,4890,279
3280,5321,280
3281,1653,281
3282,4334,282
3283,866,283
3284,3805,284
3285,3592,285
3286,2367,286
3287,460,287
3288,155,288
3289,2682,289
3290,3678,290
3291,5908,291
3292,5277,292
3293,2619,293
3294,5348,294
3295,1819,295
3296,5365,296
3297,4860,297
3298,5522,298
3299,1574,299
3300,5263,300
3301,5778,301
3302,70,302
3303,2176,303
3304,447,304
3305,5631,305
3306,5926,306
3307,3515,307
3308,875,308
3309,1777,309
3310,3778,310
3311,814,311
3312,28,312
3313,847,313
3314,1093,314
3315,4273,315
3316,533,316
3317,2307,317
3318,5741,318
3319,5612,319
3320,3728,320
3321,2995,321
3322,4663,322
3323,3337,323
3324,451,324
3325,808,325
3326,5199,326
3327,3129,327
3328,2201,328
3329,5745,329
3330,4717,330
3331,4719,331
3332,1601,332
3333,5975,333
3334,1269,334
3335,81,335
3336,836,336
3337,3511,337
3338,3868,338
3339,5641,339
3340,2404,340
3341,4409,341
3342,3940,342
3343,1490,343
3344,121,344
3345,2184,345
3346,5301,346
3347,1366,347
3348,5884,348
3349,2362,349
3350,4754,350
3351,2336,351
3352,5148,352
3353,736,353
3354,1143,354
3355,2735,355
3356,3530,356
3357,3989,357
3358,3315,358
3359,4995,359
3360,270,360
3361,2865,361
3362,3005,362
3363,4463,363
3364,1613,364
3365,1056,365
3366,1222,366
3367,4283,367
3368,380,368
3369,5360,369
3370,87,370
3371,5751,371
3372,1183,372
3373,2512,373
3374,2556,374
3375,3396,375
3376,3826,376
3377,1372,377
3378,1699,378
3379,262,379
3380,516,380
3381,1872,381
3382,1532,382
3383,5567,383
3384,3440,384
3385,2265,385
3386,4574,386
3387,4031,387
3388,229,388
3389,3835,389
3390,5436,390
3391,5734,391
3392,3671,392
3393,5229,393
3394,2836,394
3395,5344,395
3396,4810,396
3397,5060,397
3398,4459,398
3399,2022,399
3400,5337,400
3401,3330,401
3402,3985,402
3403,4149,403
3404,3821,404
3405,5543,405
3406,5561,406
3407,355,407
3408,4951,408
3409,4194,409
3410,3773,410
3411,4067,411
3412,1491,412
3413,2509,413
3414,2953,414
3415,4988,415
3416,3149,416
3417,971,417
3418,348,418
3419,1529,419
3420,2965,420
3421,4266,421
3422,5349,422
3423,1281,423
3424,192,424
3425,2802,425
3426,3502,426
3427,126,427
3428,4934,428
3429,936,429
3430,1579,430
3431,4497,431
3432,36,432
3433,5427,433
3434,2428,434
3435,1696,435
3436,3897,436
3437,4498,437
3438,5688,438
3439,3957,439
3440,3972,440
3441,145,441
3442,823,442
3443,5232,443
3444,796,444
3445,2077,445
3446,144,446
3447,5326,447
3448,316,448
3449,789,449
3450,1728,450
3451,4139,451
3452,264,452
3453,3901,453
3454,5266,454
3455,3360,455
3456,148,456
3457,3896,457
3458,5946,458
3459,3912,459
3460,4228,460
3461,2863,461
3462,490,462
3463,911,463
3464,2593,464
3465,2768,465
3466,5434,466
3467,5787,467
3468,1111,468
3469,108,469
3470,592,470
3471,5479,471
3472,2632,472
3473,3575,473
3474,2515,474
3475,5415,475
3476,1379,476
3477,590,477
3478,3482,478
3479,2143,479
3480,5938,480
3481,5210,481
3482,3283,482
3483,3111,483
3484,3666,484
3485,4010,485
3486,1690,486
3487,5155,487
3488,4729,488
3489,2056,489
3490,1073,490
3491,5749,491
3492,5224,492
3493,82,493
3494,5161,494
3495,4012,495
3496,2128,496
3497,4349,497
3498,3359,498
3499,1835,499
3500,3941,500
3501,2543,501
3502,471,502
3503,5302,503
3504,26,504
3505,321,505
3506,946,506
3507,829,507
3508,675,508
3509,1846,509
3510,1089,510
3511,1137,511
3512,4937,512
3513,1801,513
3514,1826,514
3515,1269,515
3516,127,516
3517,5962,517
3518,2793,518
3519,2477,519
3520,5836,520
3521,4448,521
3522,1564,522
3523,5738,523
3524,4018,524
3525,4219,525
3526,1867,526
3527,1144,527
3528,5482,528
3529,1307,529
3530,3581,530
3531,4255,531
3532,3798,532
3533,2611,533
3534,1190,534
3535,1834,535
3536,2198,536
3537,3851,537
3538,205,538
3539,5111,539
3540,5635,540
3541,4506,541
3542,2833,542
3543,2931,543
3544,626,544
3545,2211,545
3546,846,546
3547,1738,547
3548,1923,548
3549,4180,549
3550,5288,550
3551,4434,551
3552,5428,552
3553,1751,553
3554,3179,554
3555,5637,555
3556,3050,556
3557,2112,557
3558,941,558
3559,2786,559
3560,1434,560
3561,4685,561
3562,2685,562
3563,944,563
3564,4676,564
3565,4462,565
3566,902,566
3567,5928,567
3568,3230,568
3569,4901,569
3570,5431,570
3571,1670,571
3572,1259,572
3573,667,573
3574,1822,574
3575,1374,575
3576,680,576
3577,5691,577
3578,4447,578
3579,4182,579
3580,2058,580
3581,4591,581
3582,2803,582
3583,3605,583
3584,359,584
3585,5543,585
3586,1577,586
3587,971,587
3588,1384,588
3589,139,589
3590,2020,590
3591,2600,591
3592,4417,592
3593,694,593
3594,2150,594
3595,1264,595
3596,313,596
3597,5786,597
3598,176,598
3599,2805,599
3600,3835,600
3601,614,601
3602,1374,602
3603,5549,603
3604,4619,604
3605,5942,605
3606,3408,606
3607,1329,607
3608,4594,608
3609,105,609
3610,781,610
3611,2535,611
3612,3163,612
3613,2575,613
3614,1751,614
3615,1705,615
3616,4722,616
3617,3190,617
3618,4617,618
3619,4640,619
3620,4486,620
3621,4039,621
3622,2791,622
3623,4978,623
3624,3735,624
3625,3478,625
3626,1536,626
3627,1528,627
3628,837,628
3629,3518,629
3630,3616,630
3631,5468,631
3632,1449,632
3633,1176,633
3634,4460,634
3635,782,635
3636,394,636
3637,1032,637
3638,1679,638
3639,1975,639
3640,4661,640
3641,442,641
3642,984,642
3643,2232,643
3644,5906,644
3645,4420,645
3646,2706,646
3647,758,647
3648,1693,648
3649,4236,649
3650,4177,650
3651,26,651
3652,5504,652
3653,245,653
3654,3244,654
3655,82,655
3656,4281,656
3657,1377,657
3658,5165,658
3659,5977,659
3660,928,660
3661,1035,661
3662,4982,662
3663,1628,663
3664,5819,664
3665,1961,665
3666,2345,666
3667,5250,667
3668,3898,668
3669,804,669
3670,5460,670
3671,5594,671
3672,428,672
3673,4833,673
3674,1612,674
3675,2940,675
3676,4891,676
3677,2268,677
3678,1275,678
3679,1767,679
3680,4867,680
3681,4289,681
3682,3459,682
3683,3599,683
3684,4049,684
3685,4704,685
3686,5415,686
3687,392,687
3688,2753,688
3689,690,689
3690,310,690
3691,1264,691
3692,3468,692
3693,4860,693
3694,3821,694
3695,4122,695
3696,2101,696
3697,5161,697
3698,2978,698
3699,5039,699
3700,5606,700
3701,4869,701
3702,5811,702
3703,3874,703
3704,2671,704
3705,63,705
3706,2578,706
3707,795,707
3708,4067,708
3709,4573,709
3710,2471,710
3711,4882,711
3712,1107,712
3713,4415,713
3714,3800,714
3715,3027,715
3716,2471,716
3717,5207,717
3718,2637,718
3719,750,719
3720,1369,720
3721,4942,721
3722,2882,722
3723,4439,723
3724,2696,724
3725,4862,725
3726,5582,726
3727,830,727
3728,5449,728
3729,933,729
3730,1164,730
3731,4300,731
3732,1189,732
3733,3655,733
3734,5025,734
3735,1700,735
3736,2857,736
3737,4585,737
3738,2584,738
3739,4132,739
3740,3627,740
3741,2045,741
3742,586,742
3743,5069,743
3744,2879,744
3745,2020,745
3746,4987,746
3747,4781,747
3748,3640,748
3749,1215,749
3750,287,750
3751,5906,751
3752,5086,752
3753,1643,753
3754,2611,754
3755,4429,755
3756,4864,756
3757,3957,757
3758,5241,758
3759,2100,759
3760,3103,760
3761,4031,761
3762,623,762
3763,4601,763
3764,5038,764
3765,3985,765
3766,5126,766
3767,447,767
3768,4113,768
3769,5033,769
3770,2060,770
3771,2715,771
3772,418,772
3773,1106,773
3774,2563,774
3775,1285,775
3776,99,776
3777,1242,777
3778,1061,778
3779,5243,779
3780,4227,780
3781,3182,781
3782,2034,782
3783,5562,783
3784,2319,784
3785,4553,785
3786,5734,786
3787,1023,787
3788,2388,788
3789,1311,789
3790,2429,790
3791,5663,791
3792,5989,792
3793,1951,793
3794,1547,794
3795,3791,795
3796,5294,796
3797,2154,797
3798,3865,798
3799,779,799
3800,5691,800
3801,2236,801
3802,1598,802
3803,4476,803
3804,1842,804
3805,4841,805
3806,4872,806
3807,1143,807
3808,3472,808
3809,841,809
3810,1634,810
3811,5314,811
3812,1478,812
3813,3386,813
3814,3588,814
3815,4916,815
3816,1150,816
3817,1448,817
3818,1181,818
3819,3349,819
3820,3506,820
3821,1039,821
3822,48,822
3823,5056,823
3824,5803,824
3825,564,825
3826,1667,826
3827,2351,827
3828,4383,828
3829,501,829
3830,4221,830
3831,942,831
3832,938,832
3833,4732,833
3834,1888,834
3835,1739,835
3836,5259,836
3837,1445,837
3838,1882,838
3839,3083,839
3840,5335,840
3841,1585,841
3842,694,842
3843,2523,843
3844,1501,844
3845,2250,845
3846,5947,846
3847,2710,847
3848,1055,848
3849,5384,849
3850,260,850
3851,5862,851
3852,3429,852
3853,4406,853
3854,4398,854
3855,5542,855
3856,5607,856
3857,5256,857
3858,4808,858
3859,5256,859
3860,1036,860
3861,1493,861
3862,1400,862
3863,2557,863
3864,759,864
3865,5783,865
3866,5151,866
3867,4958,867
3868,2896,868
3869,2180,869
3870,1730,870
3871,4045,871
3872,1997,872
3873,3140,873
3874,919,874
3875,2630,875
3876,5037,876
3877,173,877
3878,146,878
3879,770,879
3880,2112,880
3881,5455,881
3882,5843,882
3883,1824,883
3884,4999,884
3885,3532,885
3886,2801,886
3887,5527,887
3888,3919,888
3889,3570,889
3890,954,890
3891,1331,891
3892,3828,892
3893,3291,893
3894,1328,894
3895,5919,895
3896,4586,896
3897,3885,897
3898,81,898
3899,5950,899
3900,247,900
3901,2822,901
3902,1700,902
3903,2634,903
3904,5583,904
3905,2459,905
3906,3488,906
3907,2737,907
3908,748,908
3909,2853,909
3910,1503,910
3911,3057,911
3912,3723,912
3913,3063,913
3914,1050,914
3915,4287,915
3916,4839,916
3917,587,917
3918,2720,918
3919,3485,919
3920,4306,920
3921,3342,921
3922,1804,922
3923,4107,923
3924,4199,924
3925,2834,925
3926,4652,926
3927,789,927
3928,2846,928
3929,784,929
3930,2271,930
3931,2623,931
3932,5979,932
3933,612,933
3934,1092,934
3935,3794,935
3936,3376,936
3937,5670,937
3938,5387,938
3939,5895,939
3940,1989,940
3941,4114,941
3942,1370,942
3943,4206,943
3944,4829,944
3945,1679,945
3946,5436,946
3947,2576,947
3948,5010,948
3949,4497,949
3950,386,950
3951,371,951
3952,2475,952
3953,339,953
3954,5837,954
3955,4180,955
3956,4988,956
3957,414,957
3958,4240,958
3959,689,959
3960,4922,960
3961,993,961
3962,160,962
3963,1212,963
3964,5336,964
3965,711,965
3966,3598,966
3967,975,967
3968,2656,968
3969,5465,969
3970,4225,970
3971,1211,971
3972,1089,972
3973,231,973
3974,4380,974
3975,3576,975
3976,5627,976
3977,4106,977
3978,677,978
3979,4269,979
3980,2165,980
3981,5145,981
3982,4918,982
3983,3548,983
3984,4867,984
3985,1399,985
3986,869,986
3987,1070,987
3988,2463,988
3989,5749,989
3990,2177,990
3991,699,991
3992,2629,992
3993,797,993
3994,4456,994
3995,2010,995
3996,1043,996
3997,149,997
3998,3172,998
3999,1805,999
4000,5043,1000
4001,1987,1001
4002,4542,1002
4003,5454,1003
4004,3133,1004
4005,5760,1005
4006,1193,1006
4007,2791,1007
4008,4786,1008
4009,5244,1009
4010,1753,1010
4011,682,1011
4012,2203,1012
4013,3069,1013
4014,3949,1014
4015,2202,1015
4016,743,1016
4017,1069,1017
4018,4114,1018
4019,574,1019
4020,5845,1020
4021,3562,1021
4022,4261,1022
4023,2751,1023
4024,1172,1024
4025,2775,1025
4026,3084,1026
4027,4601,1027
4028,1711,1028
4029,3272,1029
4030,1405,1030
4031,1259,1031
4032,343,1032
4033,1222,1033
4034,1619,1034
4035,4166,1035
4036,1240,1036
4037,4860,1037
4038,2746,1038
4039,4787,1039
4040,4167,1040
4041,4354,1041
4042,3638,1042
4043,5850,1043
4044,423,1044
4045,4665,1045
4046,2748,1046
4047,4264,1047
4048,1784,1048
4049,1745,1049
4050,1749,1050
4051,1627,1051
4052,4343,1052
4053,4654,1053
4054,4004,1054
4055,421,1055
4056,3618,1056
4057,1811,1057
4058,1611,1058
4059,2593,1059
4060,5741,1060
4061,2702,1061
4062,2398,1062
4063,4330,1063
4064,3881,1064
4065,2885,1065
4066,2789,1066
4067,2265,1067
4068,1341,1068
4069,121,1069
4070,4002,1070
4071,2357,1071
4072,3035,1072
4073,820,1073
4074,1479,1074
4075,1010,1075
4076,5179,1076
4077,889,1077
4078,4839,1078
4079,2830,1079
4080,5176,1080
4081,5309,1081
4082,3968,1082
4083,2660,1083
4084,1681,1084
4085,2486,1085
4086,4131,1086
4087,1227,1087
4088,2861,1088
4089,2606,1089
4090,5189,1090
4091,3848,1091
4092,4729,1092
4093,3780,1093
4094,3135,1094
4095,2196,1095
4096,5352,1096
4097,1811,1097
4098,2250,1098
4099,4155,1099
4100,460,1100
4101,2890,1101
4102,3195,1102
4103,4194,1103
4104,5779,1104
4105,3412,1105
4106,290,1106
4107,585,1107
4108,3035,1108
4109,1458,1109
4110,133,1110
4111,4080,1111
4112,204,1112
4113,268,1113
4114,5547,1114
4115,3452,1115
4116,4128,1116
4117,3248,1117
4118,3575,1118
4119,2426,1119
4120,5089,1120
4121,2693,1121
4122,1986,1122
4123,4217,1123
4124,369,1124
4125,2521,1125
4126,3353,1126
4127,3893,1127
4128,3157,1128
4129,2839,1129
4130,5370,1130
4131,1333,1131
4132,2491,1132
4133,1098,1133
4134,4581,1134
4135,2439,1135
4136,1129,1136
4137,5056,1137
4138,2128,1138
4139,5661,1139
4140,3416,1140
4141,4549,1141
4142,2541,1142
4143,2698,1143
4144,346,1144
4145,4395,1145
4146,1902,1146
4147,2495,1147
4148,4024,1148
4149,3442,1149
4150,3976,1150
4151,4304,1151
4152,753,1152
4153,950,1153
4154,2124,1154
4155,4771,1155
4156,4857,1156
4157,1067,1157
4158,4920,1158
4159,3484,1159
4160,4246,1160
4161,1207,1161
4162,504,1162
4163,3499,1163
4164,5481,1164
4165,583,1165
4166,4684,1166
4167,1723,1167
4168,2869,1168
4169,1088,1169
4170,787,1170
4171,976,1171
4172,765,1172
4173,4003,1173
4174,5105,1174
4175,794,1175
4176,4860,1176
4177,863,1177
4178,652,1178
4179,1845,1179
4180,815,1180
4181,4952,1181
4182,5679,1182
4183,973,1183
4184,3028,1184
4185,1615,1185
4186,112,1186
4187,534,1187
4188,797,1188
4189,633,1189
4190,707,1190
4191,2730,1191
4192,1461,1192
4193,435,1193
4194,4300,1194
4195,5156,1195
4196,2404,1196
4197,1922,1197
4198,4047,1198
4199,1713,1199
4200,2061,1200
4201,3024,1201
4202,1979,1202
4203,1400,1203
4204,4198,1204
4205,4023,1205
4206,2615,1206
4207,4320,1207
4208,3883,1208
4209,1887,1209
4210,4677,1210
4211,1484,1211
4212,5577,1212
4213,1624,1213
4214,5234,1214
4215,2666,1215
4216,3786,1216
4217,1801,1217
4218,4787,1218
4219,716,1219
4220,4605,1220
4221,1962,1221
4222,957,1222
4223,5256,1223
4224,377,1224
4225,1720,1225
4226,511,1226
4227,1727,1227
4228,1447,1228
4229,2749,1229
4230,2474,1230
4231,5158,1231
4232,4753,1232
4233,5824,1233
4234,3020,1234
4235,3915,1235
4236,2657,1236
4237,5380,1237
4238,3737,1238
4239,2994,1239
4240,3014,1240
4241,5864,1241
4242,2682,1242
4243,1174,1243
4244,5050,1244
4245,3342,1245
4246,392,1246
4247,5534,1247
4248,3059,1248
4249,4503,1249
4250,4741,1250
4251,2444,1251
4252,5411,1252
4253,1274,1253
4254,1162,1254
4255,225,1255
4256,5645,1256
4257,816,1257
4258,307,1258
4259,1155,1259
4260,5784,1260
4261,1591,1261
4262,1787,1262
4263,3433,1263
4264,5204,1264
4265,4652,1265
4266,4016,1266
4267,1101,1267
4268,3563,1268
4269,5109,1269
4270,2633,1270
4271,5716,1271
4272,1414,1272
4273,4008,1273
4274,3253,1274
4275,3817,1275
4276,5161,1276
4277,1604,1277
4278,2601,1278
4279,4936,1279
4280,4009,1280
4281,3119,1281
4282,1266,1282
4283,1995,1283
4284,1468,1284
4285,5721,1285
4286,5435,1286
4287,1507,1287
4288,2830,1288
4289,4431,1289
4290,2081,1290
4291,1013,1291
4292,856,1292
4293,3184,1293
4294,4064,1294
4295,5582,1295
4296,2593,1296
4297,1143,1297
4298,2551,1298
4299,2116,1299
4300,973,1300
4301,3713,1301
4302,86,1302
4303,5492,1303
4304,1390,1304
4305,491,1305
4306,4421,1306
4307,2311,1307
4308,4061,1308
4309,2594,1309
4310,3011,1310
4311,4240,1311
4312,3392,1312
4313,3462,1313
4314,782,1314
4315,1529,1315
4316,2049,1316
4317,2334,1317
4318,3383,1318
4319,4348,1319
4320,1758,1320
4321,111,1321
4322,767,1322
4323,3114,1323
4324,3152,1324
4325,1309,1325
4326,5395,1326
4327,2867,1327
4328,1244,1328
4329,5163,1329
4330,1866,1330
4331,1180,1331
4332,5232,1332
4333,1862,1333
4334,2120,1334
4335,5851,1335
4336,1495,1336
4337,4080,1337
4338,720,1338
4339,3907,1339
4340,2649,1340
4341,1766,1341
4342,5965,1342
4343,1113,1343
4344,1524,1344
4345,5271,1345
4346,2775,1346
4347,5321,1347
4348,860,1348
4349,474,1349
4350,2481,1350
4351,3541,1351
4352,3354,1352
4353,5631,1353
4354,4643,1354
4355,5613,1355
4356,2489,1356
4357,5108,1357
4358,3128,1358
4359,809,1359
4360,335,1360
4361,2078,1361
4362,2552,1362
4363,1555,1363
4364,2129,1364
4365,4600,1365
4366,2125,1366
4367,766,1367
4368,3114,1368
4369,3278,1369
4370,3753,1370
4371,2068,1371
4372,4602,1372
4373,1913,1373
4374,3998,1374
4375,5316,1375
4376,1752,1376
4377,3225,1377
4378,1237,1378
4379,5493,1379
4380,4938,1380
4381,3787,1381
4382,1941,1382
4383,1093,1383
4384,3985,1384
4385,5880,1385
4386,5645,1386
4387,2618,1387
4388,1789,1388
4389,921,1389
4390,4614,1390
4391,4737,1391
4392,3121,1392
4393,5513,1393
4394,1732,1394
4395,5031,1395
4396,3551,1396
4397,3038,1397
4398,484,1398
4399,4075,1399
4400,556,1400
4401,2960,1401
4402,4243,1402
4403,3826,1403
4404,5907,1404
4405,2749,1405
4406,2341,1406
4407,4004,1407
4408,5416,1408
4409,1462,1409
4410,5592,1410
4411,5247,1411
4412,5056,1412
4413,1653,1413
4414,4092,1414
4415,3400,1415
4416,1303,1416
4417,5255,1417
4418,5179,1418
4419,3300,1419
4420,4358,1420
4421,5602,1421
4422,1457,1422
4423,828,1423
4424,3646,1424
4425,3616,1425
4426,5745,1426
4427,2906,1427
4428,3635,1428
4429,5560,1429
4430,1687,1430
4431,2396,1431
4432,2650,1432
4433,2516,1433
4434,1604,1434
4435,4638,1435
4436,3885,1436
4437,3978,1437
4438,2911,1438
4439,516,1439
4440,2321,1440
4441,5584,1441
4442,3141,1442
4443,1597,1443
4444,1632,1444
4445,4136,1445
4446,3246,1446
4447,1912,1447
4448,1584,1448
4449,3546,1449
4450,5428,1450
4451,4492,1451
4452,2668,1452
4453,1354,1453
4454,5265,1454
4455,4657,1455
4456,4965,1456
4457,2825,1457
4458,2335,1458
4459,4469,1459
4460,2428,1460
4461,4523,1461
4462,961,1462
4463,5555,1463
4464,1831,1464
4465,5483,1465
4466,4993,1466
4467,745,1467
4468,1727,1468
4469,3878,1469
4470,1815,1470
4471,672,1471
4472,4697,1472
4473,4178,1473
4474,993,1474
4475,5602,1475
4476,2125,1476
4477,436,1477
4478,75,1478
4479,3307,1479
4480,4574,1480
4481,3325,1481
4482,2166,1482
4483,806,1483
4484,4634,1484
4485,4047,1485
4486,892,1486
4487,3236,1487
4488,2854,1488
4489,1130,1489
4490,334,1490
4491,982,1491
4492,1032,1492
4493,4461,1493
4494,2394,1494
4495,2500,1495
4496,4738,1496
4497,691,1497
4498,5876,1498
4499,3028,1499
4500,2519,1500
4501,5373,1
4502,344,2
4503,565,3
4504,4674,4
4505,5827,5
4506,3500,6
4507,4099,7
4508,1949,8
4509,2844,9
4510,5485,10
4511,1159,11
4512,1825,12
4513,835,13
4514,3066,14
4515,2234,15
4516,1394,16
4517,1050,17
4518,3192,18
4519,566,19
4520,1034,20
4521,4834,21
4522,4850,22
4523,3163,23
4524,4268,24
4525,3780,25
4526,2551,26
4527,2720,27
4528,4301,28
4529,4894,29
4530,87,30
4531,4368,31
4532,4771,32
4533,5608,33
4534,5475,34
4535,5862,35
4536,5242,36
4537,5623,37
4538,3194,38
4539,933,39
4540,2870,40
4541,2184,41
4542,3985,42
4543,3105,43
4544,542,44
4545,2381,45
4546,5512,46
4547,5258,47
4548,2589,48
4549,4557,49
4550,1263,50
4551,4677,51
4552,3882,52
4553,4820,53
4554,5949,54
4555,2168,55
4556,826,56
4557,1964,57
4558,5603,58
4559,1170,59
4560,1334,60
4561,4917,61
4562,5387,62
4563,2500,63
4564,5448,64
4565,5029,65
4566,1865,66
4567,4593,67
4568,4719,68
4569,1180,69
4570,3224,70
4571,5692,71
4572,2911,72
4573,2775,73
4574,2563,74
4575,5521,75
4576,923,76
4577,214,77
4578,5908,78
4579,1456,79
4580,1141,80
4581,4408,81
4582,198,82
4583,4172,83
4584,4651,84
4585,2315,85
4586,4844,86
4587,4075,87
4588,4916,88
4589,2277,89
4590,3950,90
4591,4689,91
4592,3628,92
4593,3288,93
4594,2528,94
4595,373,95
4596,4500,96
4597,5956,97
4598,3352,98
4599,1447,99
4600,723,100
4601,4152,101
4602,5289,102
4603,5937,103
4604,5763,104
4605,4875,105
4606,3059,106
4607,5687,107
4608,5000,108
4609,3924,109
4610,4492,110
4611,5613,111
4612,5534,112
4613,423,113
4614,4328,114
4615,277,115
4616,5187,116
4617,150,117
4618,5578,118
4619,5862,119
4620,3429,120
4621,3959,121
4622,2340,122
4623,5917,123
4624,2543,124
4625,5378,125
4626,3808,126
4627,2007,127
4628,4888,128
4629,661,129
4630,3953,130
4631,5572,131
4632,1630,132
4633,5241,133
4634,5072,134
4635,936,135
4636,1678,136
4637,633,137
4638,36,138
4639,3459,139
4640,2982,140
4641,1326,141
4642,5640,142
4643,1322,143
4644,1592,144
4645,219,145
4646,1978,146
4647,4383,147
4648,1143,148
4649,1528,149
4650,2212,150
4651,2896,151
4652,587,152
4653,1933,153
4654,1495,154
4655,718,155
4656,5096,156
4657,2045,157
4658,3137,158
4659,3848,159
4660,2119,160
4661,2942,161
4662,2359,162
4663,1862,163
4664,3551,164
4665,714,165
4666,1181,166
4667,899,167
4668,3886,168
4669,1543,169
4670,4157,170
4671,4440,171
4672,3095,172
4673,4851,173
4674,1686,174
4675,2099,175
4676,5756,176
4677,546,177
4678,5708,178
4679,1088,179
4680,4698,180
4681,4284,181
4682,3507,182
4683,3910,183
4684,4098,184
4685,1,185
4686,1234,186
4687,1099,187
4688,1559,188
4689,1764,189
4690,5597,190
4691,5630,191
4692,5267,192
4693,3202,193
4694,3935,194
4695,1758,195
4696,4788,196
4697,2417,197
4698,5581,198
4699,3704,199
4700,2488,200
4701,1393,201
4702,1054,202
4703,647,203
4704,2927,204
4705,3431,205
4706,222,206
4707,5982,207
4708,5870,208
4709,104,209
4710,4063,210
4711,2748,211
4712,2775,212
4713,2652,213
4714,5115,214
4715,5487,215
4716,810,216
4717,1549,217
4718,5096,218
4719,1631,219
4720,545,220
4721,4273,221
4722,4497,222
4723,4729,223
4724,5511,224
4725,3025,225
4726,222,226
4727,5540,227
4728,3811,228
4729,1287,229
4730,1529,230
4731,3135,231
4732,3867,232
4733,718,233
4734,1701,234
4735,682,235
4736,4265,236
4737,5892,237
4738,4918,238
4739,5649,239
4740,5453,240
4741,1875,241
4742,4825,242
4743,3518,243
4744,754,244
4745,2526,245
4746,5259,246
4747,4045,247
4748,5867,248
4749,1747,249
4750,2461,250
4751,1366,251
4752,5603,252
4753,5707,253
4754,1942,254
4755,4019,255
4756,158,256
4757,3247,257
4758,3926,258
4759,2124,259
4760,4718,260
4761,4366,261
4762,5010,262
4763,4611,263
4764,5591,264
4765,2747,265
4766,4291,266
4767,1404,267
4768,5444,268
4769,1840,269
4770,3826,270
4771,14,271
4772,3483,272
4773,4949,273
4774,1754,274
4775,896,275
4776,1692,276
4777,2224,277
4778,3921,278
4779,3314,279
4780,5361,280
4781,5250,281
4782,177,282
4783,3260,283
4784,5310,284
4785,5240,285
4786,886,286
4787,3234,287
4788,176,288
4789,5540,289
4790,1425,290
4791,354,291
4792,202,292
4793,1314,293
4794,1675,294
4795,423,295
4796,2816,296
4797,4860,297
4798,5606,298
4799,3096,299
4800,1179,300
4801,2050,301
4802,1193,302
4803,1343,303
4804,5675,304
4805,3847,305
4806,2842,306
4807,772,307
4808,5038,308
4809,4755,309
4810,3527,310
4811,5324,311
4812,2489,312
4813,3398,313
4814,1678,314
4815,3092,315
4816,860,316
4817,1220,317
4818,4696,318
4819,3824,319
4820,3220,320
4821,3483,321
4822,2762,322
4823,1800,323
4824,4023,324
4825,4427,325
4826,5273,326
4827,459,327
4828,2192,328
4829,3535,329
4830,1891,330
4831,2137,331
4832,1917,332
4833,2355,333
4834,2772,334
4835,1856,335
4836,1258,336
4837,1349,337
4838,57,338
4839,5969,339
4840,852,340
4841,1576,341
4842,5135,342
4843,2884,343
4844,5205,344
4845,919,345
4846,5611,346
4847,3883,347
4848,5159,348
4849,813,349
4850,213,350
4851,3308,351
4852,4165,352
4853,5138,353
4854,3144,354
4855,5051,355
4856,970,356
4857,145,357
4858,3590,358
4859,4444,359
4860,1266,360
4861,799,361
4862,3224,362
4863,3170,363
4864,672,364
4865,3036,365
4866,2633,366
4867,1840,367
4868,1259,368
4869,4821,369
4870,596,370
4871,291,371
4872,1519,372
4873,5863,373
4874,117,374
4875,3565,375
4876,3373,376
4877,2131,377
4878,5959,378
4879,1817,379
4880,1415,380
4881,1135,381
4882,2312,382
4883,3138,383
4884,1133,384
4885,3131,385
4886,5941,386
4887,5509,387
4888,329,388
4889,4067,389
4890,1881,390
4891,5667,391
4892,5385,392
4893,184,393
4894,1397,394
4895,2775,395
4896,1368,396
4897,5706,397
4898,1470,398
4899,3251,399
4900,278,400
4901,39,401
4902,5628,402
4903,64,403
4904,2969,404
4905,3270,405
4906,5345,406
4907,1186,407
4908,1427,408
4909,4638,409
4910,5660,410
4911,3660,411
4912,5230,412
4913,1897,413
4914,3962,414
4915,53,415
4916,3022,416
4917,222,417
4918,5183,418
4919,2688,419
4920,850,420
4921,3469,421
4922,1809,422
4923,2219,423
4924,4105,424
4925,4171,425
4926,5278,426
4927,4636,427
4928,682,428
4929,5706,429
4930,2415,430
4931,4822,431
4932,5769,432
4933,4518,433
4934,2542,434
4935,5186,435
4936,1389,436
4937,195,437
4938,3880,438
4939,2788,439
4940,4519,440
4941,539,441
4942,1735,442
4943,3680,443
4944,2193,444
4945,1539,445
4946,5786,446
4947,2934,447
4948,2538,448
4949,384,449
4950,5560,450
4951,3005,451
4952,5215,452
4953,3311,453
4954,5876,454
4955,3717,455
4956,3090,456
4957,1148,457
4958,5695,458
4959,210,459
4960,1387,460
4961,3988,461
4962,2350,462
4963,4675,463
4964,2819,464
4965,2335,465
4966,701,466
4967,5667,467
4968,5444,468
4969,1541,469
4970,1153,470
4971,3126,471
4972,178,472
4973,3122,473
4974,1909,474
4975,4070,475
4976,969,476
4977,871,477
4978,5124,478
4979,3169,479
4980,4720,480
4981,1381,481
4982,1915,482
4983,75,483
4984,1,484
4985,1755,485
4986,5365,486
4987,3546,487
4988,3519,488
4989,1857,489
4990,1801,490
4991,4901,491
4992,3191,492
4993,2503,493
4994,2712,494
4995,4424,495
4996,4429,496
4997,457,497
4998,2683,498
4999,1678,499
5000,1994,500
5001,1983,501
5002,4654,502
5003,2646,503
5004,1459,504
5005,3070,505
5006,732,506
5007,862,507
5008,3894,508
5009,2212,509
5010,4590,510
5011,500,511
5012,2974,512
5013,841,513
5014,2250,514
5015,4510,515
5016,3153,516
5017,3180,517
5018,5770,518
5019,583,519
5020,991,520
5021,5344,521
5022,4950,522
5023,5729,523
5024,1081,524
5025,1096,525
5026,3808,526
5027,2784,527
5028,1291,528
5029,2568,529
5030,1034,530
5031,1094,531
5032,1309,532
5033,2729,533
5034,5116,534
5035,2967,535
5036,1603,536
5037,4159,537
5038,5207,538
5039,1353,539
5040,3065,540
5041,4026,541
5042,4135,542
5043,391,543
5044,4597,544
5045,3835,545
5046,4217,546
5047,3209,547
5048,4944,548
5049,2690,549
5050,5733,550
5051,4437,551
5052,3927,552
5053,2417,553
5054,2071,554
5055,495,555
5056,3161,556
5057,1888,557
5058,624,558
5059,2679,559
5060,3067,560
5061,2394,561
5062,513,562
5063,536,563
5064,5783,564
5065,5785,565
5066,1200,566
5067,3867,567
5068,2190,568
5069,461,569
5070,1907,570
5071,1019,571
5072,1932,572
5073,3065,573
5074,610,574
5075,878,575
5076,3813,576
5077,1949,577
5078,3119,578
5079,4155,579
5080,447,580
5081,2133,581
5082,1480,582
5083,175,583
5084,5476,584
5085,4588,585
5086,4540,586
5087,2457,587
5088,1999,588
5089,3169,589
5090,4137,590
5091,1846,591
5092,3172,592
5093,2528,593
5094,5842,594
5095,3923,595
5096,4158,596
5097,3719,597
5098,1682,598
5099,1763,599
5100,789,600
5101,3046,601
5102,3603,602
5103,3940,603
5104,2392,604
5105,4004,605
5106,818,606
5107,4929,607
5108,4295,608
5109,1865,609
5110,1409,610
5111,4710,611
5112,5500,612
5113,3613,613
5114,4759,614
5115,4559,615
5116,4918,616
5117,2532,617
5118,2554,618
5119,4497,619
5120,1467,620
5121,783,621
5122,4121,622
5123,2948,623
5124,5047,624
5125,4759,625
5126,4953,626
5127,510,627
5128,3234,628
5129,924,629
5130,5138,630
5131,1692,631
5132,4116,632
5133,2179,633
5134,1384,634
5135,2719,635
5136,5375,636
5137,579,637
5138,85,638
5139,4301,639
5140,1201,640
5141,1435,641
5142,1684,642
5143,3411,643
5144,2170,644
5145,4502,645
5146,2271,646
5147,3773,647
5148,571,648
5149,4034,649
5150,5000,650
5151,4792,651
5152,3080,652
5153,3021,653
5154,5466,654
5155,1178,655
5156,1946,656
5157,1895,657
5158,1735,658
5159,4438,659
5160,1090,660
5161,380,661
5162,5128,662
5163,798,663
5164,691,664
5165,3027,665
5166,2283,666
5167,1899,667
5168,942,668
5169,231,669
5170,4313,670
5171,899,671
5172,697,672
5173,3257,673
5174,1188,674
5175,1262,675
5176,5727,676
5177,5957,677
5178,608,678
5179,664,679
5180,2191,680
5181,1440,681
5182,2834,682
5183,3983,683
5184,5842,684
5185,5006,685
5186,5978,686
5187,3365,687
5188,209,688
5189,1092,689
5190,2285,690
5191,5775,691
5192,3799,692
5193,3922,693
5194,2886,694
5195,3310,695
5196,985,696
5197,2856,697
5198,2396,698
5199,885,699
5200,1874,700
5201,2239,701
5202,5545,702
5203,5631,703
5204,4993,704
5205,5750,705
5206,5809,706
5207,4533,707
5208,1101,708
5209,4929,709
5210,688,710
5211,3466,711
5212,2880,712
5213,611,713
5214,5951,714
5215,3844,715
5216,1584,716
5217,583,717
5218,5700,718
5219,587,719
5220,2043,720
5221,678,721
5222,2655,722
5223,1064,723
5224,1644,724
5225,1999,725
5226,3499,726
5227,1026,727
5228,1080,728
5229,5733,729
5230,3508,730
5231,2365,731
5232,766,732
5233,1360,733
5234,1023,734
5235,2767,735
5236,4865,736
5237,1733,737
5238,3573,738
5239,5049,739
5240,858,740
5241,5681,741
5242,3692,742
5243,4036,743
5244,489,744
5245,3372,745
5246,3558,746
5247,1454,747
5248,1810,748
5249,1708,749
5250,5714,750
5251,2270,751
5252,1805,752
5253,4482,753
5254,2097,754
5255,1364,755
5256,838,756
5257,941,757
5258,1598,758
5259,3297,759
5260,1822,760
5261,2728,761
5262,1217,762
5263,4226,763
5264,613,764
5265,4971,765
5266,1747,766
5267,5796,767
5268,3691,768
5269,2500,769
5270,5647,770
5271,3992,771
5272,2660,772
5273,2802,773
5274,496,774
5275,5588,775
5276,2521,776
5277,3463,777
5278,4047,778
5279,2868,779
5280,33,780
5281,5336,781
5282,2456,782
5283,5804,783
5284,1774,784
5285,1657,785
5286,5815,786
5287,5801,787
5288,2737,788
5289,3721,789
5290,4541,790
5291,2505,791
5292,5474,792
5293,1614,793
5294,4554,794
5295,4981,795
5296,4909,796
5297,3705,797
5298,542,798
5299,784,799
5300,976,800
5301,3395,801
5302,4833,802
5303,1190,803
5304,2238,804
5305,1715,805
5306,4612,806
5307,3921,807
5308,2538,808
5309,1990,809
5310,4368,810
5311,2282,811
5312,1624,812
5313,3812,813
5314,1526,814
5315,3646,815
5316,5438,816
5317,2006,817
5318,5213,818
5319,606,819
5320,2559,820
5321,4219,821
5322,3099,822
5323,1052,823
5324,1872,824
5325,4070,825
5326,3106,826
5327,4680,827
5328,3234,828
5329,3587,829
5330,1612,830
5331,5229,831
5332,1383,832
5333,4889,833
5334,1572,834
5335,3917,835
5336,1851,836
5337,4697,837
5338,2617,838
5339,156,839
5340,64,840
5341,380,841
5342,2904,842
5343,4708,843
5344,1146,844
5345,2755,845
5346,2998,846
5347,3926,847
5348,269,848
5349,812,849
5350,1638,850
5351,1666,851
5352,1600,852
5353,986,853
5354,3644,854
5355,3836,855
5356,4077,856
5357,2380,857
5358,1642,858
5359,1337,859
5360,349,860
5361,5679,861
5362,3603,862
5363,2422,863
5364,1261,864
5365,5157,865
5366,1433,866
5367,1183,867
5368,2261,868
5369,4389,869
5370,2095,870
5371,2967,871
5372,3987,872
5373,827,873
5374,1841,874
5375,2142,875
5376,3203,876
5377,4450,877
5378,232,878
5379,4559,879
5380,2001,880
5381,5161,881
5382,1635,882
5383,2565,883
5384,2952,884
5385,506,885
5386,1828,886
5387,238,887
5388,1533,888
5389,1638,889
5390,2236,890
5391,846,891
5392,4784,892
5393,5213,893
5394,2164,894
5395,3303,895
5396,678,896
5397,152,897
5398,2121,898
5399,5531,899
5400,2195,900
5401,2811,901
5402,3068,902
5403,2311,903
5404,1469,904
5405,2245,905
5406,5043,906
5407,5231,907
5408,2777,908
5409,4738,909
5410,4180,910
5411,4847,911
5412,4414,912
5413,1770,913
5414,1690,914
5415,2131,915
5416,2718,916
5417,3965,917
5418,5776,918
5419,1601,919
5420,4718,920
5421,1442,921
5422,5886,922
5423,4404,923
5424,933,924
5425,4233,925
5426,7,926
5427,1816,927
5428,4944,928
5429,3185,929
5430,5966,930
5431,334,931
5432,5311,932
5433,1877,933
5434,933,934
5435,4664,935
5436,342,936
5437,3720,937
5438,5424,938
5439,4449,939
5440,3072,940
5441,3401,941
5442,3203,942
5443,593,943
5444,2609,944
5445,4310,945
5446,4479,946
5447,3478,947
5448,730,948
5449,1506,949
5450,767,950
5451,2215,951
5452,1299,952
5453,3102,953
5454,3641,954
5455,3428,955
5456,646,956
5457,1733,957
5458,467,958
5459,3770,959
5460,3646,960
5461,5997,961
5462,3928,962
5463,2586,963
5464,4668,964
5465,1404,965
5466,2898,966
5467,3750,967
5468,1021,968
5469,3462,969
5470,3825,970
5471,4762,971
5472,4855,972
5473,4052,973
5474,2378,974
5475,4703,975
5476,5790,976
5477,235,977
5478,619,978
5479,2555,979
5480,766,980
5481,4001,981
5482,5421,982
5483,1798,983
5484,3787,984
5485,340,985
5486,5222,986
5487,5975,987
5488,318,988
5489,3293,989
5490,2564,990
5491,3195,991
5492,5174,992
5493,1336,993
5494,3091,994
5495,1202,995
5496,4692,996
5497,4632,997
5498,3916,998
5499,777,999
5500,5903,1000
5501,5252,1001
5502,5378,1002
5503,1800,1003
5504,3298,1004
5505,3526,1005
5506,4306,1006
5507,3293,1007
5508,3541,1008
5509,1110,1009
5510,5913,1010
5511,2188,1011
5512,266,1012
5513,4309,1013
5514,3386,1014
5515,5479,1015
5516,2691,1016
5517,1487,1017
5518,3146,1018
5519,4665,1019
5520,5482,1020
5521,2222,1021
5522,3562,1022
5523,2199,1023
5524,753,1024
5525,1037,1025
5526,1664,1026
5527,4805,1027
5528,2641,1028
5529,1232,1029
5530,124,1030
5531,2166,1031
5532,273,1032
5533,2399,1033
5534,5389,1034
5535,1528,1035
5536,4318,1036
5537,764,1037
5538,3429,1038
5539,3301,1039
5540,5610,1040
5541,4431,1041
5542,4097,1042
5543,3627,1043
5544,5547,1044
5545,42,1045
5546,2519,1046
5547,1281,1047
5548,5172,1048
5549,5190,1049
5550,4349,1050
5551,98,1051
5552,2903,1052
5553,4194,1053
5554,3031,1054
5555,2325,1055
5556,1970,1056
5557,1593,1057
5558,1475,1058
5559,1031,1059
5560,1574,1060
5561,5823,1061
5562,3775,1062
5563,786,1063
5564,707,1064
5565,5187,1065
5566,706,1066
5567,5410,1067
5568,425,1068
5569,1208,1069
5570,5836,1070
5571,3593,1071
5572,5179,1072
5573,4957,1073
5574,5092,1074
5575,5588,1075
5576,526,1076
5577,5831,1077
5578,5577,1078
5579,5103,1079
5580,3199,1080
5581,1608,1081
5582,3309,1082
5583,1775,1083
5584,166,1084
5585,5388,1085
5586,2406,1086
5587,3411,1087
5588,1802,1088
5589,5234,1089
5590,3973,1090
5591,1316,1091
5592,816,1092
5593,1985,1093
5594,5674,1094
5595,685,1095
5596,2978,1096
5597,3826,1097
5598,2592,1098
5599,3089,1099
5600,2054,1100
5601,4683,1101
5602,2573,1102
5603,3566,1103
5604,3655,1104
5605,1535,1105
5606,2750,1106
5607,4802,1107
5608,929,1108
5609,1084,1109
5610,399,1110
5611,5199,1111
5612,3199,1112
5613,5117,1113
5614,4667,1114
5615,518,1115
5616,771,1116
5617,2125,1117
5618,48,1118
5619,3944,1119
5620,3151,1120
5621,502,1121
5622,1724,1122
5623,3193,1123
5624,5926,1124
5625,1773,1125
5626,5115,1126
5627,1324,1127
5628,3459,1128
5629,4907,1129
5630,3098,1130
5631,2546,1131
5632,4416,1132
5633,791,1133
5634,4457,1134
5635,1262,1135
5636,940,1136
5637,5421,1137
5638,101,1138
5639,4054,1139
5640,2013,1140
5641,5254,1141
5642,5593,1142
5643,4169,1143
5644,3217,1144
5645,4508,1145
5646,5354,1146
5647,2389,1147
5648,4723,1148
5649,2007,1149
5650,5806,1150
5651,2921,1151
5652,866,1152
5653,4330,1153
5654,1410,1154
5655,2090,1155
5656,4162,1156
5657,4729,1157
5658,5316,1158
5659,1307,1159
5660,4028,1160
5661,3348,1161
5662,2940,1162
5663,1779,1163
5664,3834,1164
5665,1795,1165
5666,383,1166
5667,4971,1167
5668,5215,1168
5669,2116,1169
5670,102,1170
5671,3736,1171
5672,5783,1172
5673,4601,1173
5674,3720,1174
5675,2430,1175
5676,1567,1176
5677,4691,1177
5678,2212,1178
5679,4113,1179
5680,4625,1180
5681,557,1181
5682,3076,1182
5683,3202,1183
5684,1279,1184
5685,3613,1185
5686,326,1186
5687,4620,1187
5688,1452,1188
5689,398,1189
5690,4355,1190
5691,3614,1191
5692,472,1192
5693,3851,1193
5694,4866,1194
5695,3968,1195
5696,3588,1196
5697,5012,1197
5698,1138,1198
5699,4339,1199
5700,2218,1200
5701,4682,1201
5702,3887,1202
5703,884,1203
5704,1702,1204
5705,458,1205
5706,1983,1206
5707,1209,1207
5708,985,1208
5709,3896,1209
5710,1115,1210
5711,5991,1211
5712,1268,1212
5713,1359,1213
5714,2362,1214
5715,4370,1215
5716,1230,1216
5717,289,1217
5718,379,1218
5719,1380,1219
5720,856,1220
5721,2340,1221
5722,5604,1222
5723,4337,1223
5724,2393,1224
5725,1848,1225
5726,2534,1226
5727,4145,1227
5728,3254,1228
5729,4699,1229
5730,708,1230
5731,2977,1231
5732,4023,1232
5733,575,1233
5734,4509,1234
5735,1727,1235
5736,2919,1236
5737,4990,1237
5738,4408,1238
5739,1018,1239
5740,2286,1240
5741,2371,1241
5742,3596,1242
5743,2330,1243
5744,2725,1244
5745,1690,1245
5746,337,1246
5747,3092,1247
5748,4596,1248
5749,3913,1249
5750,5586,1250
5751,1243,1251
5752,534,1252
5753,5642,1253
5754,5665,1254
5755,906,1255
5756,608,1256
5757,1954,1257
5758,881,1258
5759,1366,1259
5760,1550,1260
5761,5444,1261
5762,5091,1262
5763,4568,1263
5764,3319,1264
5765,1968,1265
5766,198,1266
5767,5734,1267
5768,5976,1268
5769,2463,1269
5770,3533,1270
5771,1641,1271
5772,5518,1272
5773,585,1273
5774,968,1274
5775,3352,1275
5776,942,1276
5777,3668,1277
5778,400,1278
5779,968,1279
5780,4323,1280
5781,1734,1281
5782,3070,1282
5783,1157,1283
5784,5215,1284
5785,5939,1285
5786,1808,1286
5787,1827,1287
5788,2057,1288
5789,1919,1289
5790,2001,1290
5791,380,1291
5792,671,1292
5793,1051,1293
5794,2609,1294
5795,472,1295
5796,1192,1296
5797,1579,1297
5798,3098,1298
5799,3152,1299
5800,28,1300
5801,2004,1301
5802,3593,1302
5803,3615,1303
5804,615,1304
5805,4933,1305
5806,5945,1306
5807,4624,1307
5808,3827,1308
5809,2883,1309
5810,4744,1310
5811,1897,1311
5812,1956,1312
5813,2269,1313
5814,5562,1314
5815,5434,1315
5816,3163,1316
5817,1917,1317
5818,903,1318
5819,1913,1319
5820,208,1320
5821,2079,1321
5822,4511,1322
5823,2798,1323
5824,139,1324
5825,2931,1325
5826,1711,1326
5827,838,1327
5828,400,1328
5829,1995,1329
5830,1523,1330
5831,4058,1331
5832,1562,1332
5833,1866,1333
5834,3202,1334
5835,5209,1335
5836,1553,1336
5837,4930,1337
5838,1769,1338
5839,5971,1339
5840,2848,1340
5841,2540,1341
5842,1910,1342
5843,4927,1343
5844,4664,1344
5845,2382,1345
5846,5395,1346
5847,4549,1347
5848,4641,1348
5849,5335,1349
5850,5859,1350
5851,1014,1351
5852,957,1352
5853,4307,1353
5854,4433,1354
5855,5763,1355
5856,4138,1356
5857,3992,1357
5858,4295,1358
5859,1206,1359
5860,156,1360
5861,4500,1361
5862,1702,1362
5863,2900,1363
5864,613,1364
5865,3192,1365
5866,3545,1366
5867,914,1367
5868,4001,1368
5869,5916,1369
5870,832,1370
5871,1897,1371
5872,2119,1372
5873,5096,1373
5874,3850,1374
5875,4619,1375
5876,5771,1376
5877,3859,1377
5878,2006,1378
5879,3436,1379
5880,3881,1380
5881,4536,1381
5882,3554,1382
5883,252,1383
5884,2037,1384
5885,462,1385
5886,3558,1386
5887,2123,1387
5888,361,1388
5889,4026,1389
5890,4508,1390
5891,4620,1391
5892,4406,1392
5893,5401,1393
5894,5027,1394
5895,4544,1395
5896,4477,1396
5897,1277,1397
5898,57,1398
5899,5417,1399
5900,4480,1400
5901,3260,1401
5902,2796,1402
5903,3508,1403
5904,993,1404
5905,5399,1405
5906,486,1406
5907,4900,1407
5908,2788,1408
5909,1484,1409
5910,930,1410
5911,3278,1411
5912,2551,1412
5913,1460,1413
5914,2279,1414
5915,5754,1415
5916,3918,1416
5917,4344,1417
5918,1327,1418
5919,96,1419
5920,346,1420
5921,596,1421
5922,1063,1422
5923,3230,1423
5924,1606,1424
5925,5854,1425
5926,4801,1426
5927,3817,1427
5928,4932,1428
5929,2334,1429
5930,5614,1430
5931,1090,1431
5932,3014,1432
5933,56,1433
5934,2220,1434
5935,1930,1435
5936,2157,1436
5937,3325,1437
5938,5774,1438
5939,4422,1439
5940,4941,1440
5941,2615,1441
5942,2300,1442
5943,2806,1443
5944,4719,1444
5945,2158,1445
5946,4665,1446
5947,3880,1447
5948,4217,1448
5949,1142,1449
5950,197,1450
5951,2445,1451
5952,3324,1452
5953,5427,1453
5954,5048,1454
5955,3404,1455
5956,7,1456
5957,5187,1457
5958,2488,1458
5959,2552,1459
5960,953,1460
5961,5755,1461
5962,3214,1462
5963,968,1463
5964,1283,1464
5965,2326,1465
5966,3680,1466
5967,5229,1467
5968,3220,1468
5969,5922,1469
5970,3261,1470
5971,1419,1471
5972,196,1472
5973,261,1473
5974,2846,1474
5975,1094,1475
5976,1322,1476
5977,2805,1477
5978,124,1478
5979,3962,1479
5980,5594,1480
5981,387,1481
5982,519,1482
5983,5144,1483
5984,3557,1484
5985,2297,1485
5986,1235,1486
5987,4334,1487
5988,4427,1488
5989,1734,1489
5990,1458,1490
5991,4137,1491
5992,4931,1492
5993,5879,1493
5994,2167,1494
5995,5234,1495
5996,2283,1496
5997,3722,1497
5998,2395,1498
5999,4828,1499
6000,1808,1500