s_serviceid,s_carid,s_userid,s_dealerid,s_type
1,2633,1,106,oil change
2,5072,2,141,tires
3,2762,3,8,brakes
4,3711,4,77,alignment
5,3879,5,184,wash
6,4840,6,124,wash 
7,610,7,92,window tint 
8,1282,8,152,window tint 
9,1632,9,95,oil change
10,4016,10,138,water coolant 
11,5888,11,137,water coolant 
12,4906,12,194,power steering 
13,5588,13,23,engine swap
14,5107,14,198,window tint 
15,2739,15,45,alignment
16,5458,16,85,smog check 
17,3386,17,17,wash 
18,1732,18,107,oil change
19,4205,19,185,wash
20,2835,20,161,alignment
21,3202,21,61,smog check 
22,5176,22,17,water coolant 
23,5796,23,5,brakes
24,5366,24,13,tires
25,4640,25,159,engine swap
26,4499,26,74,window tint 
27,4207,27,156,oil change
28,4258,28,72,alignment
29,4183,29,91,tires
30,1295,30,126,water coolant 
31,3441,31,4,oil change
32,1466,32,4,tires
33,5037,33,160,brakes
34,3740,34,32,alignment
35,3078,35,164,wash
36,2648,36,109,wash 
37,2141,37,76,window tint 
38,5123,38,194,window tint 
39,2361,39,85,oil change
40,112,40,83,water coolant 
41,3531,41,152,water coolant 
42,5451,42,145,power steering 
43,5167,43,196,engine swap
44,3837,44,136,window tint 
45,5086,45,189,alignment
46,1171,46,20,smog check 
47,706,47,89,wash 
48,5729,48,78,oil change
49,2961,49,197,wash
50,5311,50,150,alignment
51,1080,51,71,smog check 
52,1356,52,75,water coolant 
53,736,53,82,brakes
54,4665,54,113,tires
55,1479,55,142,engine swap
56,4364,56,75,window tint 
57,2451,57,153,oil change
58,1819,58,64,alignment
59,1947,59,66,tires
60,1692,60,48,water coolant 
61,4307,61,52,oil change
62,3937,62,64,tires
63,1192,63,82,brakes
64,594,64,143,alignment
65,823,65,183,wash
66,3350,66,151,wash 
67,918,67,9,window tint 
68,3217,68,79,window tint 
69,5719,69,51,oil change
70,4966,70,2,water coolant 
71,3593,71,108,water coolant 
72,3285,72,89,power steering 
73,5701,73,145,engine swap
74,4470,74,143,window tint 
75,5441,75,29,alignment
76,2031,76,45,smog check 
77,646,77,86,wash 
78,1202,78,47,oil change
79,1756,79,191,wash
80,1201,80,24,alignment
81,2492,81,167,smog check 
82,4397,82,180,water coolant 
83,3377,83,13,brakes
84,3451,84,171,tires
85,3337,85,49,engine swap
86,5251,86,164,window tint 
87,5363,87,24,oil change
88,945,88,187,alignment
89,906,89,145,tires
90,3968,90,166,water coolant 
91,3512,91,115,oil change
92,1408,92,53,tires
93,644,93,37,brakes
94,4589,94,10,alignment
95,5453,95,159,wash
96,3227,96,118,wash 
97,2217,97,174,window tint 
98,2982,98,98,window tint 
99,4507,99,35,oil change
100,3467,100,20,water coolant 
101,175,101,103,water coolant 
102,4875,102,93,power steering 
103,4472,103,195,engine swap
104,4962,104,120,window tint 
105,1926,105,148,alignment
106,3277,106,170,smog check 
107,5861,107,109,wash 
108,736,108,90,oil change
109,3021,109,186,wash
110,2014,110,141,alignment
111,905,111,177,smog check 
112,2175,112,198,water coolant 
113,23,113,38,brakes
114,427,114,113,tires
115,1924,115,59,engine swap
116,5393,116,53,window tint 
117,2962,117,64,oil change
118,1569,118,78,alignment
119,5308,119,179,tires
120,207,120,125,water coolant 
121,4508,121,186,oil change
122,2399,122,57,tires
123,3518,123,112,brakes
124,4080,124,45,alignment
125,1609,125,194,wash
126,1645,126,23,wash 
127,4039,127,97,window tint 
128,3231,128,119,window tint 
129,3368,129,14,oil change
130,1068,130,96,water coolant 
131,1235,131,48,water coolant 
132,904,132,13,power steering 
133,380,133,157,engine swap
134,866,134,7,window tint 
135,4500,135,154,alignment
136,4547,136,75,smog check 
137,1681,137,7,wash 
138,3933,138,128,oil change
139,1943,139,195,wash
140,1278,140,157,alignment
141,3777,141,90,smog check 
142,4547,142,120,water coolant 
143,3185,143,48,brakes
144,666,144,142,tires
145,28,145,47,engine swap
146,910,146,58,window tint 
147,1576,147,16,oil change
148,5366,148,61,alignment
149,3855,149,122,tires
150,3706,150,75,water coolant 
151,1340,151,115,oil change
152,5661,152,92,tires
153,1895,153,70,brakes
154,574,154,36,alignment
155,4751,155,17,wash
156,3348,156,65,wash 
157,1346,157,90,window tint 
158,4998,158,20,window tint 
159,2551,159,164,oil change
160,1796,160,162,water coolant 
161,1236,161,16,water coolant 
162,1709,162,106,power steering 
163,5267,163,124,engine swap
164,2273,164,116,window tint 
165,345,165,51,alignment
166,5221,166,76,smog check 
167,52,167,44,wash 
168,3898,168,121,oil change
169,4897,169,153,wash
170,1536,170,63,alignment
171,5049,171,135,smog check 
172,1713,172,149,water coolant 
173,4998,173,173,brakes
174,3489,174,120,tires
175,5059,175,107,engine swap
176,2498,176,147,window tint 
177,2052,177,36,oil change
178,5489,178,167,alignment
179,582,179,121,tires
180,4996,180,120,water coolant 
181,122,181,14,oil change
182,1700,182,9,tires
183,945,183,122,brakes
184,2196,184,159,alignment
185,4356,185,81,wash
186,4903,186,25,wash 
187,5394,187,79,window tint 
188,4222,188,59,window tint 
189,1178,189,82,oil change
190,5408,190,60,water coolant 
191,3548,191,99,water coolant 
192,1278,192,91,power steering 
193,5983,193,131,engine swap
194,4481,194,192,window tint 
195,4644,195,193,alignment
196,4837,196,150,smog check 
197,2542,197,172,wash 
198,2732,198,69,oil change
199,1423,199,98,wash
200,50,200,54,alignment
201,2225,201,69,smog check 
202,2913,202,92,water coolant 
203,3368,203,120,brakes
204,981,204,123,tires
205,2486,205,80,engine swap
206,2396,206,5,window tint 
207,1346,207,155,oil change
208,896,208,174,alignment
209,2844,209,175,tires
210,5500,210,122,water coolant 
211,1432,211,159,oil change
212,379,212,53,tires
213,2810,213,91,brakes
214,3535,214,142,alignment
215,3866,215,117,wash
216,544,216,152,wash 
217,1846,217,180,window tint 
218,5172,218,32,window tint 
219,5764,219,9,oil change
220,986,220,147,water coolant 
221,2560,221,138,water coolant 
222,5384,222,76,power steering 
223,5213,223,21,engine swap
224,543,224,30,window tint 
225,4859,225,197,alignment
226,1745,226,139,smog check 
227,5900,227,84,wash 
228,3156,228,129,oil change
229,736,229,137,wash
230,4452,230,94,alignment
231,3376,231,95,smog check 
232,3427,232,113,water coolant 
233,799,233,3,brakes
234,4798,234,185,tires
235,2402,235,193,engine swap
236,4562,236,92,window tint 
237,458,237,72,oil change
238,316,238,27,alignment
239,5640,239,120,tires
240,5576,240,32,water coolant 
241,2,241,147,oil change
242,3034,242,79,tires
243,5223,243,30,brakes
244,4611,244,136,alignment
245,2483,245,71,wash
246,2641,246,164,wash 
247,395,247,149,window tint 
248,5251,248,188,window tint 
249,4494,249,43,oil change
250,4489,250,47,water coolant 
251,4545,251,17,water coolant 
252,4604,252,145,power steering 
253,1526,253,114,engine swap
254,3546,254,67,window tint 
255,1528,255,193,alignment
256,3805,256,80,smog check 
257,5591,257,43,wash 
258,1462,258,121,oil change
259,2158,259,24,wash
260,3369,260,142,alignment
261,307,261,129,smog check 
262,937,262,145,water coolant 
263,5184,263,187,brakes
264,3561,264,45,tires
265,3501,265,134,engine swap
266,3527,266,190,window tint 
267,947,267,200,oil change
268,1627,268,66,alignment
269,3756,269,26,tires
270,3916,270,137,water coolant 
271,226,271,152,oil change
272,1338,272,5,tires
273,3108,273,168,brakes
274,1497,274,55,alignment
275,1514,275,168,wash
276,5815,276,103,wash 
277,5294,277,98,window tint 
278,893,278,70,window tint 
279,1173,279,144,oil change
280,2139,280,69,water coolant 
281,1624,281,157,water coolant 
282,2711,282,197,power steering 
283,2514,283,90,engine swap
284,5620,284,130,window tint 
285,2644,285,65,alignment
286,4510,286,126,smog check 
287,1940,287,33,wash 
288,973,288,76,oil change
289,3275,289,43,wash
290,3499,290,13,alignment
291,2749,291,171,smog check 
292,2968,292,85,water coolant 
293,4078,293,81,brakes
294,1002,294,95,tires
295,2176,295,176,engine swap
296,2308,296,15,window tint 
297,1721,297,187,oil change
298,214,298,118,alignment
299,4575,299,1,tires
300,3698,300,146,water coolant 
301,5538,301,74,oil change
302,5100,302,144,tires
303,1505,303,153,brakes
304,4157,304,126,alignment
305,4366,305,68,wash
306,3671,306,177,wash 
307,1680,307,9,window tint 
308,4672,308,10,window tint 
309,4566,309,52,oil change
310,3105,310,78,water coolant 
311,2477,311,108,water coolant 
312,1279,312,118,power steering 
313,261,313,151,engine swap
314,5381,314,156,window tint 
315,1782,315,124,alignment
316,4568,316,64,smog check 
317,4468,317,27,wash 
318,252,318,132,oil change
319,4531,319,174,wash
320,3488,320,182,alignment
321,2761,321,118,smog check 
322,1441,322,162,water coolant 
323,4310,323,17,brakes
324,2081,324,47,tires
325,5640,325,107,engine swap
326,5965,326,153,window tint 
327,2780,327,33,oil change
328,566,328,172,alignment
329,5626,329,99,tires
330,1443,330,67,water coolant 
331,4616,331,123,oil change
332,796,332,71,tires
333,486,333,106,brakes
334,2134,334,128,alignment
335,911,335,166,wash
336,4776,336,106,wash 
337,4744,337,20,window tint 
338,5273,338,167,window tint 
339,1773,339,109,oil change
340,5454,340,134,water coolant 
341,1865,341,104,water coolant 
342,1033,342,8,power steering 
343,1024,343,171,engine swap
344,3450,344,63,window tint 
345,5153,345,197,alignment
346,4169,346,191,smog check 
347,519,347,103,wash 
348,1873,348,63,oil change
349,4484,349,30,wash
350,984,350,79,alignment
351,693,351,180,smog check 
352,3666,352,147,water coolant 
353,543,353,186,brakes
354,3903,354,2,tires
355,5396,355,26,engine swap
356,4252,356,135,window tint 
357,2179,357,190,oil change
358,3392,358,154,alignment
359,5071,359,74,tires
360,4492,360,63,water coolant 
361,3920,361,132,oil change
362,3449,362,2,tires
363,640,363,64,brakes
364,3099,364,13,alignment
365,5507,365,113,wash
366,4271,366,98,wash 
367,3331,367,16,window tint 
368,3798,368,104,window tint 
369,5610,369,115,oil change
370,2016,370,87,water coolant 
371,879,371,113,water coolant 
372,2544,372,136,power steering 
373,5580,373,130,engine swap
374,871,374,97,window tint 
375,4258,375,93,alignment
376,4112,376,184,smog check 
377,276,377,39,wash 
378,801,378,74,oil change
379,1193,379,128,wash
380,1256,380,115,alignment
381,5566,381,174,smog check 
382,1528,382,68,water coolant 
383,5289,383,106,brakes
384,1541,384,1,tires
385,4146,385,66,engine swap
386,3339,386,122,window tint 
387,4588,387,126,oil change
388,716,388,165,alignment
389,2803,389,113,tires
390,4352,390,108,water coolant 
391,4814,391,188,oil change
392,3215,392,94,tires
393,3108,393,38,brakes
394,1810,394,185,alignment
395,442,395,51,wash
396,97,396,20,wash 
397,3930,397,183,window tint 
398,1870,398,102,window tint 
399,1026,399,190,oil change
400,273,400,161,water coolant 
401,1870,401,190,water coolant 
402,4173,402,131,power steering 
403,2974,403,170,engine swap
404,4477,404,65,window tint 
405,993,405,165,alignment
406,4247,406,80,smog check 
407,150,407,8,wash 
408,4872,408,93,oil change
409,3855,409,92,wash
410,2498,410,29,alignment
411,2296,411,104,smog check 
412,2636,412,50,water coolant 
413,5925,413,149,brakes
414,3188,414,137,tires
415,4333,415,107,engine swap
416,3209,416,10,window tint 
417,5020,417,33,oil change
418,353,418,179,alignment
419,98,419,57,tires
420,4183,420,186,water coolant 
421,2365,421,41,oil change
422,4159,422,1,tires
423,5010,423,107,brakes
424,2058,424,46,alignment
425,2262,425,78,wash
426,2625,426,57,wash 
427,3523,427,46,window tint 
428,5242,428,109,window tint 
429,5211,429,151,oil change
430,4024,430,189,water coolant 
431,3051,431,179,water coolant 
432,5798,432,70,power steering 
433,610,433,106,engine swap
434,4633,434,62,window tint 
435,2283,435,5,alignment
436,5457,436,20,smog check 
437,5861,437,116,wash 
438,2724,438,107,oil change
439,492,439,28,wash
440,2445,440,180,alignment
441,4874,441,177,smog check 
442,911,442,142,water coolant 
443,3581,443,64,brakes
444,2539,444,162,tires
445,2562,445,7,engine swap
446,1124,446,148,window tint 
447,150,447,106,oil change
448,2663,448,77,alignment
449,921,449,18,tires
450,5509,450,68,water coolant 
451,2877,451,159,oil change
452,115,452,68,tires
453,4794,453,160,brakes
454,4625,454,43,alignment
455,2939,455,133,wash
456,3250,456,38,wash 
457,5280,457,81,window tint 
458,5203,458,161,window tint 
459,4070,459,200,oil change
460,108,460,17,water coolant 
461,4131,461,90,water coolant 
462,5676,462,20,power steering 
463,174,463,63,engine swap
464,102,464,102,window tint 
465,5233,465,76,alignment
466,2463,466,111,smog check 
467,137,467,38,wash 
468,398,468,48,oil change
469,1490,469,117,wash
470,3796,470,119,alignment
471,1690,471,88,smog check 
472,3131,472,95,water coolant 
473,3089,473,113,brakes
474,555,474,9,tires
475,793,475,153,engine swap
476,1999,476,77,window tint 
477,2215,477,180,oil change
478,3222,478,123,alignment
479,4055,479,100,tires
480,1141,480,188,water coolant 
481,1806,481,59,oil change
482,643,482,138,tires
483,3225,483,20,brakes
484,1506,484,131,alignment
485,5917,485,157,wash
486,1801,486,162,wash 
487,2707,487,109,window tint 
488,148,488,137,window tint 
489,4656,489,165,oil change
490,4251,490,125,water coolant 
491,1443,491,161,water coolant 
492,40,492,188,power steering 
493,1501,493,61,engine swap
494,4251,494,125,window tint 
495,3296,495,148,alignment
496,2141,496,188,smog check 
497,1096,497,42,wash 
498,3969,498,111,oil change
499,5328,499,147,wash
500,1444,500,113,alignment
501,3311,501,140,smog check 
502,4390,502,68,water coolant 
503,1060,503,49,brakes
504,2771,504,92,tires
505,2544,505,155,engine swap
506,748,506,47,window tint 
507,5901,507,59,oil change
508,3962,508,70,alignment
509,3816,509,156,tires
510,2472,510,30,water coolant 
511,517,511,126,oil change
512,3965,512,121,tires
513,1219,513,7,brakes
514,3671,514,57,alignment
515,4893,515,165,wash
516,3160,516,29,wash 
517,1787,517,154,window tint 
518,5235,518,152,window tint 
519,5289,519,51,oil change
520,2949,520,28,water coolant 
521,2738,521,96,water coolant 
522,5556,522,90,power steering 
523,154,523,25,engine swap
524,1313,524,25,window tint 
525,2361,525,108,alignment
526,5771,526,16,smog check 
527,5371,527,54,wash 
528,4689,528,137,oil change
529,2651,529,102,wash
530,1257,530,95,alignment
531,5972,531,89,smog check 
532,2004,532,93,water coolant 
533,954,533,55,brakes
534,1856,534,193,tires
535,2625,535,45,engine swap
536,4223,536,12,window tint 
537,585,537,86,oil change
538,3042,538,43,alignment
539,2831,539,91,tires
540,192,540,42,water coolant 
541,439,541,197,oil change
542,4838,542,16,tires
543,2829,543,70,brakes
544,883,544,189,alignment
545,3178,545,78,wash
546,2904,546,132,wash 
547,696,547,1,window tint 
548,3473,548,81,window tint 
549,4509,549,93,oil change
550,4710,550,77,water coolant 
551,78,551,12,water coolant 
552,5909,552,122,power steering 
553,4494,553,110,engine swap
554,1170,554,191,window tint 
555,5352,555,147,alignment
556,1781,556,178,smog check 
557,3679,557,104,wash 
558,2484,558,149,oil change
559,4827,559,50,wash
560,431,560,118,alignment
561,82,561,189,smog check 
562,291,562,134,water coolant 
563,2860,563,170,brakes
564,2279,564,44,tires
565,1831,565,134,engine swap
566,475,566,141,window tint 
567,405,567,84,oil change
568,322,568,126,alignment
569,2369,569,159,tires
570,2163,570,160,water coolant 
571,698,571,113,oil change
572,1676,572,132,tires
573,748,573,112,brakes
574,4630,574,96,alignment
575,2284,575,131,wash
576,1914,576,46,wash 
577,2569,577,54,window tint 
578,852,578,70,window tint 
579,3620,579,11,oil change
580,3708,580,56,water coolant 
581,5566,581,168,water coolant 
582,4500,582,112,power steering 
583,5924,583,14,engine swap
584,4061,584,120,window tint 
585,5779,585,172,alignment
586,100,586,83,smog check 
587,1800,587,195,wash 
588,5036,588,94,oil change
589,1557,589,50,wash
590,5982,590,128,alignment
591,485,591,42,smog check 
592,3550,592,183,water coolant 
593,3445,593,195,brakes
594,2459,594,27,tires
595,2319,595,161,engine swap
596,292,596,102,window tint 
597,4203,597,15,oil change
598,1449,598,141,alignment
599,5217,599,95,tires
600,349,600,22,water coolant 
601,883,601,82,oil change
602,2442,602,191,tires
603,4538,603,121,brakes
604,4524,604,191,alignment
605,3956,605,78,wash
606,3380,606,82,wash 
607,2835,607,133,window tint 
608,2683,608,136,window tint 
609,3028,609,134,oil change
610,5541,610,200,water coolant 
611,1423,611,195,water coolant 
612,2779,612,199,power steering 
613,644,613,113,engine swap
614,5112,614,43,window tint 
615,5682,615,23,alignment
616,5428,616,30,smog check 
617,1090,617,93,wash 
618,488,618,122,oil change
619,366,619,52,wash
620,2061,620,9,alignment
621,5929,621,15,smog check 
622,3829,622,174,water coolant 
623,5977,623,11,brakes
624,827,624,42,tires
625,4306,625,155,engine swap
626,5627,626,49,window tint 
627,4570,627,64,oil change
628,2416,628,46,alignment
629,1763,629,109,tires
630,403,630,25,water coolant 
631,967,631,31,oil change
632,4002,632,142,tires
633,457,633,60,brakes
634,5757,634,62,alignment
635,5543,635,77,wash
636,5379,636,103,wash 
637,269,637,109,window tint 
638,212,638,176,window tint 
639,3276,639,83,oil change
640,5269,640,195,water coolant 
641,335,641,42,water coolant 
642,5320,642,138,power steering 
643,2750,643,165,engine swap
644,5528,644,121,window tint 
645,3962,645,131,alignment
646,4537,646,18,smog check 
647,2259,647,165,wash 
648,2744,648,29,oil change
649,4839,649,97,wash
650,5302,650,195,alignment
651,1997,651,179,smog check 
652,2384,652,193,water coolant 
653,2761,653,141,brakes
654,1679,654,27,tires
655,5671,655,97,engine swap
656,225,656,95,window tint 
657,4880,657,69,oil change
658,704,658,136,alignment
659,5584,659,137,tires
660,5406,660,101,water coolant 
661,1711,661,57,oil change
662,4383,662,103,tires
663,4447,663,17,brakes
664,854,664,174,alignment
665,5774,665,89,wash
666,960,666,189,wash 
667,2790,667,189,window tint 
668,317,668,148,window tint 
669,2841,669,181,oil change
670,1718,670,200,water coolant 
671,4901,671,190,water coolant 
672,4546,672,1,power steering 
673,3300,673,173,engine swap
674,5172,674,101,window tint 
675,738,675,89,alignment
676,2502,676,126,smog check 
677,4093,677,78,wash 
678,1000,678,139,oil change
679,4154,679,11,wash
680,669,680,171,alignment
681,2111,681,33,smog check 
682,3517,682,195,water coolant 
683,5208,683,13,brakes
684,729,684,47,tires
685,1757,685,80,engine swap
686,904,686,112,window tint 
687,2086,687,140,oil change
688,2986,688,99,alignment
689,670,689,180,tires
690,5699,690,129,water coolant 
691,439,691,155,oil change
692,3925,692,194,tires
693,2327,693,41,brakes
694,2353,694,83,alignment
695,628,695,148,wash
696,1330,696,85,wash 
697,386,697,88,window tint 
698,2820,698,78,window tint 
699,2474,699,39,oil change
700,3253,700,31,water coolant 
701,3222,701,2,water coolant 
702,3329,702,85,power steering 
703,2684,703,120,engine swap
704,20,704,175,window tint 
705,2152,705,2,alignment
706,4526,706,79,smog check 
707,4120,707,80,wash 
708,5239,708,194,oil change
709,5294,709,100,wash
710,3204,710,115,alignment
711,508,711,94,smog check 
712,2504,712,162,water coolant 
713,2931,713,42,brakes
714,803,714,157,tires
715,3061,715,27,engine swap
716,5179,716,43,window tint 
717,1555,717,99,oil change
718,1713,718,149,alignment
719,4814,719,62,tires
720,1219,720,102,water coolant 
721,603,721,104,oil change
722,5287,722,68,tires
723,177,723,132,brakes
724,5575,724,68,alignment
725,2050,725,143,wash
726,3192,726,49,wash 
727,5454,727,138,window tint 
728,3164,728,15,window tint 
729,4731,729,98,oil change
730,2455,730,182,water coolant 
731,643,731,168,water coolant 
732,5844,732,143,power steering 
733,315,733,31,engine swap
734,2190,734,1,window tint 
735,1941,735,113,alignment
736,3177,736,34,smog check 
737,4428,737,131,wash 
738,564,738,45,oil change
739,3839,739,44,wash
740,5039,740,16,alignment
741,4332,741,117,smog check 
742,80,742,157,water coolant 
743,3644,743,86,brakes
744,4412,744,160,tires
745,2023,745,73,engine swap
746,3709,746,28,window tint 
747,5646,747,36,oil change
748,819,748,123,alignment
749,4431,749,20,tires
750,1778,750,8,water coolant 
751,2939,751,108,oil change
752,995,752,13,tires
753,674,753,7,brakes
754,5864,754,129,alignment
755,2165,755,88,wash
756,5427,756,32,wash 
757,4055,757,150,window tint 
758,3195,758,77,window tint 
759,4140,759,23,oil change
760,1373,760,13,water coolant 
761,3638,761,116,water coolant 
762,3268,762,6,power steering 
763,3428,763,103,engine swap
764,4898,764,88,window tint 
765,820,765,152,alignment
766,5530,766,150,smog check 
767,505,767,140,wash 
768,4321,768,88,oil change
769,363,769,195,wash
770,5036,770,26,alignment
771,1149,771,170,smog check 
772,5249,772,73,water coolant 
773,4806,773,153,brakes
774,4035,774,127,tires
775,3118,775,22,engine swap
776,3130,776,50,window tint 
777,80,777,43,oil change
778,5352,778,106,alignment
779,4068,779,149,tires
780,4900,780,143,water coolant 
781,2500,781,18,oil change
782,2356,782,26,tires
783,4959,783,132,brakes
784,4938,784,33,alignment
785,1078,785,30,wash
786,2110,786,19,wash 
787,3949,787,66,window tint 
788,4050,788,170,window tint 
789,4325,789,19,oil change
790,3068,790,114,water coolant 
791,4967,791,108,water coolant 
792,5721,792,25,power steering 
793,1351,793,186,engine swap
794,4383,794,57,window tint 
795,777,795,38,alignment
796,1270,796,47,smog check 
797,3190,797,195,wash 
798,4537,798,194,oil change
799,2393,799,120,wash
800,917,800,195,alignment
801,1776,801,12,smog check 
802,2569,802,21,water coolant 
803,1226,803,75,brakes
804,1042,804,168,tires
805,2979,805,120,engine swap
806,5700,806,137,window tint 
807,5257,807,177,oil change
808,5189,808,151,alignment
809,2521,809,59,tires
810,2596,810,112,water coolant 
811,1925,811,180,oil change
812,3488,812,166,tires
813,1414,813,69,brakes
814,3909,814,166,alignment
815,2204,815,133,wash
816,2314,816,128,wash 
817,855,817,170,window tint 
818,5050,818,16,window tint 
819,610,819,5,oil change
820,3038,820,2,water coolant 
821,5232,821,181,water coolant 
822,2429,822,96,power steering 
823,4572,823,166,engine swap
824,5686,824,134,window tint 
825,35,825,141,alignment
826,3580,826,52,smog check 
827,1686,827,168,wash 
828,275,828,1,oil change
829,1082,829,105,wash
830,3731,830,145,alignment
831,2978,831,179,smog check 
832,3432,832,160,water coolant 
833,4460,833,189,brakes
834,475,834,160,tires
835,2274,835,194,engine swap
836,2692,836,12,window tint 
837,5100,837,57,oil change
838,2178,838,192,alignment
839,2210,839,185,tires
840,1631,840,180,water coolant 
841,1762,841,78,oil change
842,2746,842,120,tires
843,294,843,98,brakes
844,3618,844,8,alignment
845,3571,845,46,wash
846,3233,846,21,wash 
847,5755,847,40,window tint 
848,2627,848,153,window tint 
849,25,849,6,oil change
850,5612,850,62,water coolant 
851,1628,851,51,water coolant 
852,2042,852,188,power steering 
853,609,853,100,engine swap
854,1804,854,126,window tint 
855,2749,855,89,alignment
856,2926,856,47,smog check 
857,3793,857,193,wash 
858,1731,858,170,oil change
859,4930,859,65,wash
860,1586,860,199,alignment
861,303,861,167,smog check 
862,3838,862,99,water coolant 
863,5655,863,162,brakes
864,678,864,186,tires
865,70,865,170,engine swap
866,2065,866,132,window tint 
867,4134,867,30,oil change
868,359,868,53,alignment
869,4233,869,9,tires
870,2791,870,95,water coolant 
871,2487,871,18,oil change
872,4223,872,68,tires
873,2973,873,23,brakes
874,1726,874,141,alignment
875,2210,875,137,wash
876,2954,876,32,wash 
877,4806,877,62,window tint 
878,4076,878,85,window tint 
879,868,879,155,oil change
880,4707,880,34,water coolant 
881,3227,881,74,water coolant 
882,5692,882,105,power steering 
883,1232,883,132,engine swap
884,3299,884,84,window tint 
885,4331,885,85,alignment
886,124,886,91,smog check 
887,740,887,183,wash 
888,3248,888,33,oil change
889,179,889,168,wash
890,2736,890,157,alignment
891,1301,891,113,smog check 
892,2640,892,81,water coolant 
893,1270,893,74,brakes
894,4162,894,20,tires
895,4018,895,195,engine swap
896,4654,896,175,window tint 
897,1515,897,144,oil change
898,5458,898,39,alignment
899,390,899,38,tires
900,2364,900,159,water coolant 
901,579,901,162,oil change
902,332,902,189,tires
903,3011,903,9,brakes
904,5178,904,22,alignment
905,3344,905,151,wash
906,5769,906,145,wash 
907,651,907,150,window tint 
908,2935,908,195,window tint 
909,4599,909,70,oil change
910,5265,910,54,water coolant 
911,4890,911,33,water coolant 
912,3306,912,189,power steering 
913,857,913,101,engine swap
914,2710,914,86,window tint 
915,4262,915,170,alignment
916,5660,916,152,smog check 
917,2386,917,145,wash 
918,5726,918,139,oil change
919,1031,919,126,wash
920,4073,920,114,alignment
921,3212,921,4,smog check 
922,2957,922,80,water coolant 
923,1335,923,184,brakes
924,3545,924,43,tires
925,952,925,50,engine swap
926,455,926,177,window tint 
927,1524,927,99,oil change
928,885,928,81,alignment
929,3840,929,191,tires
930,3891,930,125,water coolant 
931,1976,931,177,oil change
932,2970,932,150,tires
933,5309,933,27,brakes
934,3806,934,156,alignment
935,4657,935,126,wash
936,4365,936,39,wash 
937,2851,937,64,window tint 
938,601,938,146,window tint 
939,4020,939,14,oil change
940,5436,940,140,water coolant 
941,5775,941,107,water coolant 
942,2325,942,191,power steering 
943,679,943,23,engine swap
944,3186,944,6,window tint 
945,5712,945,76,alignment
946,5674,946,186,smog check 
947,5524,947,155,wash 
948,120,948,16,oil change
949,2455,949,102,wash
950,851,950,2,alignment
951,2647,951,160,smog check 
952,1402,952,103,water coolant 
953,1890,953,86,brakes
954,154,954,130,tires
955,4546,955,175,engine swap
956,1482,956,60,window tint 
957,2328,957,21,oil change
958,2296,958,30,alignment
959,2663,959,49,tires
960,2268,960,107,water coolant 
961,624,961,92,oil change
962,5532,962,131,tires
963,2285,963,95,brakes
964,5661,964,181,alignment
965,3882,965,72,wash
966,686,966,69,wash 
967,5298,967,97,window tint 
968,2036,968,67,window tint 
969,4516,969,176,oil change
970,126,970,128,water coolant 
971,3126,971,87,water coolant 
972,4919,972,140,power steering 
973,3704,973,194,engine swap
974,2604,974,135,window tint 
975,3527,975,55,alignment
976,4711,976,166,smog check 
977,1119,977,179,wash 
978,4737,978,116,oil change
979,650,979,58,wash
980,2847,980,171,alignment
981,985,981,144,smog check 
982,3638,982,164,water coolant 
983,3949,983,141,brakes
984,4285,984,88,tires
985,200,985,36,engine swap
986,3923,986,79,window tint 
987,159,987,182,oil change
988,4607,988,155,alignment
989,1336,989,34,tires
990,3961,990,164,water coolant 
991,5631,991,86,oil change
992,2411,992,159,tires
993,1857,993,173,brakes
994,786,994,122,alignment
995,3776,995,179,wash
996,5923,996,173,wash 
997,4878,997,12,window tint 
998,4655,998,84,window tint 
999,354,999,185,oil change
1000,5031,1000,22,water coolant 
1001,4173,1001,27,water coolant 
1002,614,1002,24,power steering 
1003,5668,1003,113,engine swap
1004,88,1004,96,window tint 
1005,1003,1005,75,alignment
1006,5898,1006,162,smog check 
1007,3576,1007,75,wash 
1008,2943,1008,26,oil change
1009,4584,1009,163,wash
1010,2261,1010,59,alignment
1011,4452,1011,3,smog check 
1012,5713,1012,135,water coolant 
1013,5768,1013,41,brakes
1014,5625,1014,92,tires
1015,924,1015,42,engine swap
1016,2787,1016,179,window tint 
1017,4639,1017,154,oil change
1018,5629,1018,181,alignment
1019,5343,1019,135,tires
1020,5460,1020,118,water coolant 
1021,5322,1021,135,oil change
1022,4794,1022,72,tires
1023,2500,1023,83,brakes
1024,2473,1024,147,alignment
1025,5341,1025,17,wash
1026,3112,1026,145,wash 
1027,4081,1027,45,window tint 
1028,5519,1028,98,window tint 
1029,320,1029,134,oil change
1030,2857,1030,192,water coolant 
1031,2831,1031,10,water coolant 
1032,4506,1032,50,power steering 
1033,5732,1033,52,engine swap
1034,2384,1034,148,window tint 
1035,216,1035,176,alignment
1036,1044,1036,181,smog check 
1037,5736,1037,22,wash 
1038,4571,1038,95,oil change
1039,5743,1039,132,wash
1040,227,1040,36,alignment
1041,922,1041,175,smog check 
1042,3377,1042,57,water coolant 
1043,4783,1043,83,brakes
1044,319,1044,64,tires
1045,16,1045,196,engine swap
1046,750,1046,100,window tint 
1047,4984,1047,101,oil change
1048,3455,1048,86,alignment
1049,1220,1049,109,tires
1050,3840,1050,127,water coolant 
1051,2941,1051,77,oil change
1052,3867,1052,75,tires
1053,4993,1053,81,brakes
1054,1084,1054,198,alignment
1055,4883,1055,151,wash
1056,3512,1056,134,wash 
1057,5568,1057,8,window tint 
1058,1326,1058,152,window tint 
1059,1612,1059,81,oil change
1060,4273,1060,107,water coolant 
1061,5503,1061,86,water coolant 
1062,643,1062,14,power steering 
1063,4869,1063,25,engine swap
1064,3140,1064,40,window tint 
1065,1941,1065,188,alignment
1066,2989,1066,70,smog check 
1067,5696,1067,111,wash 
1068,1939,1068,131,oil change
1069,1117,1069,75,wash
1070,3179,1070,66,alignment
1071,5134,1071,117,smog check 
1072,2291,1072,21,water coolant 
1073,2903,1073,39,brakes
1074,2042,1074,61,tires
1075,1892,1075,31,engine swap
1076,3530,1076,3,window tint 
1077,3937,1077,161,oil change
1078,3841,1078,79,alignment
1079,2260,1079,19,tires
1080,283,1080,167,water coolant 
1081,5992,1081,78,oil change
1082,1267,1082,49,tires
1083,704,1083,93,brakes
1084,1343,1084,112,alignment
1085,1870,1085,118,wash
1086,3436,1086,12,wash 
1087,5111,1087,106,window tint 
1088,320,1088,138,window tint 
1089,4117,1089,139,oil change
1090,3419,1090,161,water coolant 
1091,2669,1091,40,water coolant 
1092,5346,1092,114,power steering 
1093,4317,1093,112,engine swap
1094,1823,1094,52,window tint 
1095,790,1095,41,alignment
1096,1859,1096,188,smog check 
1097,4650,1097,149,wash 
1098,3904,1098,148,oil change
1099,2368,1099,153,wash
1100,3128,1100,196,alignment
1101,709,1101,140,smog check 
1102,3592,1102,122,water coolant 
1103,5968,1103,147,brakes
1104,3830,1104,108,tires
1105,5385,1105,180,engine swap
1106,4604,1106,15,window tint 
1107,1281,1107,132,oil change
1108,501,1108,194,alignment
1109,5812,1109,191,tires
1110,4624,1110,65,water coolant 
1111,4397,1111,10,oil change
1112,1182,1112,111,tires
1113,3047,1113,136,brakes
1114,3197,1114,176,alignment
1115,2025,1115,97,wash
1116,3000,1116,139,wash 
1117,1235,1117,200,window tint 
1118,1643,1118,155,window tint 
1119,4897,1119,177,oil change
1120,769,1120,184,water coolant 
1121,3536,1121,62,water coolant 
1122,3861,1122,80,power steering 
1123,47,1123,86,engine swap
1124,4019,1124,33,window tint 
1125,4077,1125,130,alignment
1126,2408,1126,184,smog check 
1127,5635,1127,3,wash 
1128,50,1128,12,oil change
1129,4575,1129,132,wash
1130,713,1130,107,alignment
1131,2315,1131,47,smog check 
1132,4827,1132,129,water coolant 
1133,3128,1133,137,brakes
1134,3622,1134,89,tires
1135,5996,1135,5,engine swap
1136,5602,1136,94,window tint 
1137,955,1137,3,oil change
1138,861,1138,1,alignment
1139,2066,1139,198,tires
1140,3204,1140,38,water coolant 
1141,2569,1141,54,oil change
1142,1211,1142,65,tires
1143,4848,1143,103,brakes
1144,1943,1144,78,alignment
1145,4041,1145,96,wash
1146,5428,1146,136,wash 
1147,2169,1147,54,window tint 
1148,2945,1148,14,window tint 
1149,586,1149,62,oil change
1150,3063,1150,16,water coolant 
1151,3508,1151,172,water coolant 
1152,4653,1152,4,power steering 
1153,2736,1153,192,engine swap
1154,416,1154,164,window tint 
1155,1145,1155,82,alignment
1156,1967,1156,50,smog check 
1157,1846,1157,74,wash 
1158,3865,1158,12,oil change
1159,3216,1159,8,wash
1160,3277,1160,10,alignment
1161,4563,1161,187,smog check 
1162,4788,1162,66,water coolant 
1163,1417,1163,1,brakes
1164,2266,1164,33,tires
1165,2242,1165,195,engine swap
1166,3140,1166,83,window tint 
1167,420,1167,25,oil change
1168,3019,1168,82,alignment
1169,3069,1169,120,tires
1170,2621,1170,32,water coolant 
1171,4831,1171,184,oil change
1172,2465,1172,95,tires
1173,5863,1173,90,brakes
1174,5107,1174,128,alignment
1175,2669,1175,85,wash
1176,3708,1176,87,wash 
1177,1203,1177,1,window tint 
1178,1705,1178,109,window tint 
1179,4005,1179,68,oil change
1180,1193,1180,110,water coolant 
1181,3587,1181,138,water coolant 
1182,486,1182,176,power steering 
1183,5436,1183,85,engine swap
1184,2025,1184,187,window tint 
1185,5876,1185,59,alignment
1186,451,1186,142,smog check 
1187,3571,1187,139,wash 
1188,5043,1188,165,oil change
1189,261,1189,69,wash
1190,3859,1190,63,alignment
1191,3660,1191,186,smog check 
1192,2499,1192,182,water coolant 
1193,353,1193,34,brakes
1194,480,1194,19,tires
1195,4841,1195,95,engine swap
1196,342,1196,57,window tint 
1197,4872,1197,96,oil change
1198,5699,1198,66,alignment
1199,5314,1199,28,tires
1200,240,1200,151,water coolant 
1201,4686,1201,28,oil change
1202,5763,1202,89,tires
1203,2984,1203,52,brakes
1204,5484,1204,147,alignment
1205,1647,1205,123,wash
1206,5701,1206,68,wash 
1207,3815,1207,109,window tint 
1208,1932,1208,54,window tint 
1209,5849,1209,60,oil change
1210,4657,1210,36,water coolant 
1211,5242,1211,108,water coolant 
1212,4063,1212,137,power steering 
1213,5516,1213,134,engine swap
1214,1513,1214,85,window tint 
1215,5568,1215,163,alignment
1216,3046,1216,183,smog check 
1217,2754,1217,109,wash 
1218,4746,1218,173,oil change
1219,2251,1219,6,wash
1220,4555,1220,170,alignment
1221,864,1221,72,smog check 
1222,505,1222,34,water coolant 
1223,448,1223,23,brakes
1224,2786,1224,186,tires
1225,4842,1225,121,engine swap
1226,5805,1226,164,window tint 
1227,19,1227,133,oil change
1228,5774,1228,138,alignment
1229,1994,1229,177,tires
1230,3664,1230,63,water coolant 
1231,4543,1231,114,oil change
1232,1760,1232,81,tires
1233,4415,1233,38,brakes
1234,1795,1234,18,alignment
1235,5621,1235,97,wash
1236,2870,1236,104,wash 
1237,1254,1237,11,window tint 
1238,2268,1238,39,window tint 
1239,5936,1239,137,oil change
1240,856,1240,85,water coolant 
1241,4397,1241,40,water coolant 
1242,2232,1242,66,power steering 
1243,5157,1243,189,engine swap
1244,2088,1244,10,window tint 
1245,4224,1245,51,alignment
1246,5425,1246,3,smog check 
1247,5852,1247,13,wash 
1248,3319,1248,150,oil change
1249,4694,1249,160,wash
1250,4807,1250,72,alignment
1251,4037,1251,110,smog check 
1252,2045,1252,81,water coolant 
1253,4921,1253,152,brakes
1254,4113,1254,88,tires
1255,969,1255,133,engine swap
1256,5538,1256,154,window tint 
1257,1847,1257,145,oil change
1258,2626,1258,82,alignment
1259,3133,1259,153,tires
1260,2758,1260,199,water coolant 
1261,1442,1261,70,oil change
1262,828,1262,14,tires
1263,184,1263,90,brakes
1264,5505,1264,134,alignment
1265,4144,1265,49,wash
1266,2921,1266,68,wash 
1267,1876,1267,108,window tint 
1268,3169,1268,159,window tint 
1269,3969,1269,66,oil change
1270,1469,1270,154,water coolant 
1271,2666,1271,42,water coolant 
1272,5466,1272,7,power steering 
1273,5879,1273,110,engine swap
1274,5629,1274,68,window tint 
1275,831,1275,8,alignment
1276,3415,1276,168,smog check 
1277,575,1277,54,wash 
1278,5559,1278,182,oil change
1279,3474,1279,168,wash
1280,4738,1280,58,alignment
1281,3935,1281,100,smog check 
1282,5673,1282,171,water coolant 
1283,1811,1283,58,brakes
1284,5571,1284,19,tires
1285,3753,1285,22,engine swap
1286,2439,1286,8,window tint 
1287,4557,1287,84,oil change
1288,4198,1288,157,alignment
1289,3370,1289,15,tires
1290,339,1290,164,water coolant 
1291,5094,1291,176,oil change
1292,2121,1292,191,tires
1293,2103,1293,102,brakes
1294,537,1294,94,alignment
1295,4445,1295,165,wash
1296,3419,1296,77,wash 
1297,2184,1297,179,window tint 
1298,2594,1298,84,window tint 
1299,4784,1299,190,oil change
1300,2895,1300,197,water coolant 
1301,3106,1301,104,water coolant 
1302,4341,1302,161,power steering 
1303,1427,1303,155,engine swap
1304,2966,1304,161,window tint 
1305,958,1305,123,alignment
1306,2739,1306,178,smog check 
1307,2878,1307,17,wash 
1308,2714,1308,148,oil change
1309,409,1309,194,wash
1310,5176,1310,105,alignment
1311,4519,1311,97,smog check 
1312,1826,1312,38,water coolant 
1313,522,1313,44,brakes
1314,2228,1314,37,tires
1315,4098,1315,172,engine swap
1316,3482,1316,148,window tint 
1317,563,1317,30,oil change
1318,5431,1318,189,alignment
1319,40,1319,72,tires
1320,5473,1320,118,water coolant 
1321,361,1321,68,oil change
1322,5062,1322,94,tires
1323,3029,1323,19,brakes
1324,1974,1324,189,alignment
1325,5628,1325,141,wash
1326,1316,1326,62,wash 
1327,3086,1327,84,window tint 
1328,1563,1328,56,window tint 
1329,5910,1329,38,oil change
1330,3583,1330,146,water coolant 
1331,633,1331,30,water coolant 
1332,54,1332,52,power steering 
1333,5584,1333,158,engine swap
1334,804,1334,166,window tint 
1335,716,1335,69,alignment
1336,5745,1336,41,smog check 
1337,437,1337,164,wash 
1338,3077,1338,8,oil change
1339,4681,1339,158,wash
1340,5578,1340,198,alignment
1341,5984,1341,178,smog check 
1342,4843,1342,166,water coolant 
1343,3150,1343,67,brakes
1344,5575,1344,187,tires
1345,692,1345,134,engine swap
1346,5013,1346,40,window tint 
1347,168,1347,83,oil change
1348,5702,1348,50,alignment
1349,3758,1349,185,tires
1350,1478,1350,89,water coolant 
1351,786,1351,48,oil change
1352,4046,1352,173,tires
1353,4983,1353,131,brakes
1354,2317,1354,175,alignment
1355,3261,1355,145,wash
1356,3869,1356,134,wash 
1357,5623,1357,92,window tint 
1358,5987,1358,84,window tint 
1359,4337,1359,115,oil change
1360,5701,1360,126,water coolant 
1361,3893,1361,62,water coolant 
1362,5529,1362,67,power steering 
1363,1828,1363,18,engine swap
1364,3181,1364,14,window tint 
1365,5006,1365,36,alignment
1366,1654,1366,3,smog check 
1367,4905,1367,84,wash 
1368,5838,1368,180,oil change
1369,3278,1369,135,wash
1370,221,1370,96,alignment
1371,1122,1371,44,smog check 
1372,428,1372,155,water coolant 
1373,2931,1373,194,brakes
1374,3296,1374,12,tires
1375,4272,1375,55,engine swap
1376,2794,1376,11,window tint 
1377,4760,1377,192,oil change
1378,1535,1378,167,alignment
1379,4647,1379,181,tires
1380,2506,1380,161,water coolant 
1381,3777,1381,45,oil change
1382,5158,1382,124,tires
1383,3243,1383,86,brakes
1384,799,1384,87,alignment
1385,4372,1385,41,wash
1386,1218,1386,109,wash 
1387,1788,1387,174,window tint 
1388,450,1388,34,window tint 
1389,2356,1389,40,oil change
1390,2295,1390,182,water coolant 
1391,5320,1391,85,water coolant 
1392,2392,1392,26,power steering 
1393,5543,1393,86,engine swap
1394,6,1394,126,window tint 
1395,5244,1395,13,alignment
1396,5860,1396,187,smog check 
1397,4231,1397,129,wash 
1398,62,1398,59,oil change
1399,4532,1399,109,wash
1400,2898,1400,91,alignment
1401,2110,1401,195,smog check 
1402,1740,1402,16,water coolant 
1403,2816,1403,188,brakes
1404,3922,1404,157,tires
1405,2707,1405,179,engine swap
1406,5820,1406,122,window tint 
1407,5702,1407,110,oil change
1408,943,1408,134,alignment
1409,2517,1409,21,tires
1410,3078,1410,91,water coolant 
1411,1622,1411,99,oil change
1412,2799,1412,54,tires
1413,5420,1413,49,brakes
1414,4485,1414,22,alignment
1415,988,1415,17,wash
1416,4522,1416,117,wash 
1417,5905,1417,6,window tint 
1418,2156,1418,26,window tint 
1419,2274,1419,33,oil change
1420,611,1420,3,water coolant 
1421,959,1421,54,water coolant 
1422,5033,1422,153,power steering 
1423,1968,1423,68,engine swap
1424,1586,1424,2,window tint 
1425,4249,1425,172,alignment
1426,3085,1426,67,smog check 
1427,82,1427,161,wash 
1428,4763,1428,95,oil change
1429,3453,1429,70,wash
1430,573,1430,148,alignment
1431,98,1431,9,smog check 
1432,3660,1432,53,water coolant 
1433,2247,1433,55,brakes
1434,641,1434,124,tires
1435,3841,1435,84,engine swap
1436,5852,1436,16,window tint 
1437,2542,1437,140,oil change
1438,4119,1438,46,alignment
1439,5843,1439,166,tires
1440,2482,1440,46,water coolant 
1441,108,1441,163,oil change
1442,3012,1442,85,tires
1443,4251,1443,64,brakes
1444,1898,1444,169,alignment
1445,1668,1445,103,wash
1446,5659,1446,11,wash 
1447,272,1447,92,window tint 
1448,5138,1448,125,window tint 
1449,5960,1449,20,oil change
1450,1980,1450,163,water coolant 
1451,5522,1451,165,water coolant 
1452,2146,1452,156,power steering 
1453,5125,1453,25,engine swap
1454,3660,1454,122,window tint 
1455,443,1455,121,alignment
1456,2711,1456,86,smog check 
1457,2014,1457,88,wash 
1458,5390,1458,137,oil change
1459,1231,1459,164,wash
1460,1174,1460,139,alignment
1461,1776,1461,46,smog check 
1462,1603,1462,29,water coolant 
1463,3365,1463,8,brakes
1464,4912,1464,151,tires
1465,199,1465,112,engine swap
1466,2293,1466,172,window tint 
1467,4974,1467,138,oil change
1468,5554,1468,39,alignment
1469,892,1469,128,tires
1470,5690,1470,92,water coolant 
1471,850,1471,101,oil change
1472,4708,1472,104,tires
1473,428,1473,94,brakes
1474,2608,1474,191,alignment
1475,1867,1475,82,wash
1476,4811,1476,196,wash 
1477,3016,1477,12,window tint 
1478,1312,1478,76,window tint 
1479,1063,1479,117,oil change
1480,2415,1480,141,water coolant 
1481,2184,1481,132,water coolant 
1482,691,1482,195,power steering 
1483,462,1483,184,engine swap
1484,1907,1484,158,window tint 
1485,311,1485,166,alignment
1486,1428,1486,158,smog check 
1487,61,1487,72,wash 
1488,4269,1488,21,oil change
1489,5594,1489,34,wash
1490,1664,1490,177,alignment
1491,124,1491,200,smog check 
1492,4016,1492,107,water coolant 
1493,290,1493,150,brakes
1494,3438,1494,186,tires
1495,4143,1495,135,engine swap
1496,1956,1496,165,window tint 
1497,5688,1497,43,oil change
1498,4870,1498,151,alignment
1499,2420,1499,50,tires
1500,1809,1500,95,water coolant 
1501,2391,1,56,oil change
1502,4695,2,54,tires
1503,1302,3,52,brakes
1504,1098,4,180,alignment
1505,3007,5,82,wash
1506,2342,6,38,wash 
1507,4590,7,192,window tint 
1508,3012,8,108,window tint 
1509,2295,9,162,oil change
1510,258,10,54,water coolant 
1511,3591,11,21,water coolant 
1512,181,12,177,power steering 
1513,1253,13,157,engine swap
1514,3622,14,11,window tint 
1515,4635,15,182,alignment
1516,1456,16,14,smog check 
1517,4440,17,161,wash 
1518,2005,18,133,oil change
1519,1707,19,158,wash
1520,2923,20,38,alignment
1521,140,21,20,smog check 
1522,3822,22,166,water coolant 
1523,1092,23,85,brakes
1524,4386,24,127,tires
1525,648,25,198,engine swap
1526,5731,26,43,window tint 
1527,4594,27,125,oil change
1528,4578,28,105,alignment
1529,5160,29,42,tires
1530,5286,30,5,water coolant 
1531,2047,31,40,oil change
1532,2250,32,139,tires
1533,303,33,175,brakes
1534,2337,34,7,alignment
1535,2370,35,175,wash
1536,2152,36,169,wash 
1537,5400,37,87,window tint 
1538,712,38,102,window tint 
1539,5430,39,147,oil change
1540,727,40,43,water coolant 
1541,1000,41,58,water coolant 
1542,4738,42,179,power steering 
1543,4395,43,83,engine swap
1544,2046,44,93,window tint 
1545,4135,45,42,alignment
1546,1123,46,146,smog check 
1547,4167,47,82,wash 
1548,2222,48,118,oil change
1549,103,49,155,wash
1550,3594,50,31,alignment
1551,5757,51,108,smog check 
1552,95,52,79,water coolant 
1553,2335,53,96,brakes
1554,1520,54,12,tires
1555,5226,55,99,engine swap
1556,5582,56,79,window tint 
1557,5143,57,179,oil change
1558,500,58,45,alignment
1559,1019,59,169,tires
1560,515,60,7,water coolant 
1561,4799,61,115,oil change
1562,625,62,179,tires
1563,5115,63,135,brakes
1564,4263,64,175,alignment
1565,2470,65,188,wash
1566,4729,66,135,wash 
1567,3491,67,58,window tint 
1568,3734,68,132,window tint 
1569,76,69,116,oil change
1570,545,70,31,water coolant 
1571,3896,71,167,water coolant 
1572,707,72,35,power steering 
1573,1113,73,107,engine swap
1574,1172,74,82,window tint 
1575,5864,75,3,alignment
1576,2617,76,105,smog check 
1577,4859,77,84,wash 
1578,3748,78,56,oil change
1579,3263,79,45,wash
1580,2151,80,142,alignment
1581,258,81,6,smog check 
1582,562,82,108,water coolant 
1583,5498,83,84,brakes
1584,4052,84,78,tires
1585,1030,85,24,engine swap
1586,2208,86,191,window tint 
1587,1732,87,50,oil change
1588,629,88,48,alignment
1589,280,89,172,tires
1590,2627,90,173,water coolant 
1591,3159,91,110,oil change
1592,4420,92,161,tires
1593,3041,93,12,brakes
1594,3083,94,26,alignment
1595,1513,95,96,wash
1596,1394,96,82,wash 
1597,4764,97,31,window tint 
1598,4270,98,20,window tint 
1599,5531,99,183,oil change
1600,4914,100,103,water coolant 
1601,2805,101,21,water coolant 
1602,4806,102,6,power steering 
1603,1105,103,127,engine swap
1604,3511,104,196,window tint 
1605,4434,105,47,alignment
1606,405,106,40,smog check 
1607,3288,107,33,wash 
1608,4211,108,152,oil change
1609,2771,109,189,wash
1610,944,110,53,alignment
1611,3178,111,125,smog check 
1612,5864,112,188,water coolant 
1613,1430,113,177,brakes
1614,4559,114,104,tires
1615,47,115,65,engine swap
1616,3501,116,80,window tint 
1617,1386,117,12,oil change
1618,697,118,43,alignment
1619,2788,119,190,tires
1620,5315,120,32,water coolant 
1621,1858,121,99,oil change
1622,3856,122,123,tires
1623,986,123,99,brakes
1624,333,124,8,alignment
1625,588,125,27,wash
1626,2401,126,58,wash 
1627,489,127,199,window tint 
1628,3252,128,81,window tint 
1629,2041,129,83,oil change
1630,4515,130,175,water coolant 
1631,3462,131,36,water coolant 
1632,3307,132,136,power steering 
1633,4548,133,157,engine swap
1634,1914,134,158,window tint 
1635,2388,135,2,alignment
1636,2284,136,152,smog check 
1637,1403,137,36,wash 
1638,1454,138,72,oil change
1639,3397,139,144,wash
1640,5078,140,112,alignment
1641,4307,141,192,smog check 
1642,5230,142,78,water coolant 
1643,710,143,178,brakes
1644,311,144,177,tires
1645,4416,145,87,engine swap
1646,1140,146,104,window tint 
1647,2771,147,85,oil change
1648,2679,148,25,alignment
1649,4512,149,87,tires
1650,4214,150,109,water coolant 
1651,1904,151,189,oil change
1652,2714,152,103,tires
1653,5542,153,138,brakes
1654,291,154,125,alignment
1655,5001,155,86,wash
1656,5640,156,75,wash 
1657,5921,157,30,window tint 
1658,1800,158,54,window tint 
1659,2881,159,64,oil change
1660,2915,160,54,water coolant 
1661,590,161,48,water coolant 
1662,4553,162,32,power steering 
1663,4529,163,72,engine swap
1664,3920,164,11,window tint 
1665,2847,165,81,alignment
1666,547,166,37,smog check 
1667,3397,167,159,wash 
1668,3039,168,121,oil change
1669,3429,169,186,wash
1670,4758,170,89,alignment
1671,2409,171,56,smog check 
1672,1113,172,59,water coolant 
1673,2246,173,23,brakes
1674,1887,174,136,tires
1675,172,175,13,engine swap
1676,3922,176,94,window tint 
1677,485,177,103,oil change
1678,3892,178,45,alignment
1679,3209,179,122,tires
1680,3946,180,167,water coolant 
1681,604,181,122,oil change
1682,4966,182,126,tires
1683,5777,183,149,brakes
1684,3218,184,9,alignment
1685,4941,185,178,wash
1686,3393,186,18,wash 
1687,4025,187,178,window tint 
1688,4549,188,166,window tint 
1689,311,189,159,oil change
1690,1418,190,13,water coolant 
1691,4853,191,141,water coolant 
1692,5833,192,116,power steering 
1693,2083,193,70,engine swap
1694,2876,194,177,window tint 
1695,5918,195,124,alignment
1696,5492,196,177,smog check 
1697,4709,197,105,wash 
1698,5956,198,128,oil change
1699,1712,199,101,wash
1700,4430,200,47,alignment
1701,4715,201,141,smog check 
1702,2925,202,89,water coolant 
1703,1573,203,110,brakes
1704,1074,204,182,tires
1705,4483,205,116,engine swap
1706,2142,206,170,window tint 
1707,2884,207,199,oil change
1708,3265,208,88,alignment
1709,1077,209,188,tires
1710,2057,210,80,water coolant 
1711,2489,211,31,oil change
1712,3878,212,154,tires
1713,5581,213,120,brakes
1714,2200,214,68,alignment
1715,1648,215,71,wash
1716,4067,216,36,wash 
1717,5182,217,129,window tint 
1718,4479,218,172,window tint 
1719,2497,219,32,oil change
1720,3050,220,194,water coolant 
1721,341,221,163,water coolant 
1722,1241,222,156,power steering 
1723,3123,223,34,engine swap
1724,229,224,32,window tint 
1725,1028,225,104,alignment
1726,2751,226,31,smog check 
1727,3929,227,66,wash 
1728,331,228,162,oil change
1729,1003,229,99,wash
1730,3773,230,16,alignment
1731,3951,231,60,smog check 
1732,3039,232,181,water coolant 
1733,5585,233,117,brakes
1734,2980,234,5,tires
1735,218,235,192,engine swap
1736,1301,236,146,window tint 
1737,4288,237,80,oil change
1738,1855,238,192,alignment
1739,4148,239,123,tires
1740,5200,240,10,water coolant 
1741,3006,241,196,oil change
1742,5649,242,186,tires
1743,2249,243,133,brakes
1744,2855,244,154,alignment
1745,3228,245,133,wash
1746,1764,246,36,wash 
1747,4162,247,179,window tint 
1748,4377,248,109,window tint 
1749,1991,249,83,oil change
1750,719,250,60,water coolant 
1751,5269,251,105,water coolant 
1752,1385,252,77,power steering 
1753,1910,253,189,engine swap
1754,5548,254,182,window tint 
1755,1700,255,88,alignment
1756,1010,256,91,smog check 
1757,1722,257,141,wash 
1758,1099,258,191,oil change
1759,4645,259,127,wash
1760,5664,260,17,alignment
1761,2337,261,145,smog check 
1762,5325,262,4,water coolant 
1763,4375,263,40,brakes
1764,148,264,116,tires
1765,1306,265,184,engine swap
1766,2114,266,8,window tint 
1767,2292,267,108,oil change
1768,3929,268,105,alignment
1769,69,269,11,tires
1770,1701,270,63,water coolant 
1771,3737,271,93,oil change
1772,531,272,13,tires
1773,3161,273,22,brakes
1774,2084,274,26,alignment
1775,1060,275,53,wash
1776,4158,276,28,wash 
1777,2829,277,45,window tint 
1778,5163,278,1,window tint 
1779,1724,279,81,oil change
1780,3669,280,156,water coolant 
1781,4263,281,121,water coolant 
1782,4636,282,83,power steering 
1783,3900,283,160,engine swap
1784,4013,284,75,window tint 
1785,3751,285,24,alignment
1786,4835,286,170,smog check 
1787,2113,287,14,wash 
1788,5168,288,21,oil change
1789,697,289,77,wash
1790,2862,290,13,alignment
1791,101,291,48,smog check 
1792,471,292,20,water coolant 
1793,4458,293,36,brakes
1794,4442,294,178,tires
1795,997,295,111,engine swap
1796,4026,296,65,window tint 
1797,2422,297,198,oil change
1798,931,298,47,alignment
1799,411,299,9,tires
1800,609,300,168,water coolant 
1801,4640,301,57,oil change
1802,4861,302,123,tires
1803,5870,303,95,brakes
1804,1161,304,194,alignment
1805,2707,305,193,wash
1806,4299,306,58,wash 
1807,4338,307,5,window tint 
1808,2555,308,158,window tint 
1809,2313,309,199,oil change
1810,128,310,195,water coolant 
1811,356,311,194,water coolant 
1812,1900,312,113,power steering 
1813,4143,313,171,engine swap
1814,1103,314,42,window tint 
1815,449,315,5,alignment
1816,1079,316,172,smog check 
1817,2447,317,183,wash 
1818,1261,318,138,oil change
1819,1145,319,174,wash
1820,2682,320,159,alignment
1821,674,321,35,smog check 
1822,877,322,48,water coolant 
1823,5955,323,100,brakes
1824,1833,324,27,tires
1825,3135,325,33,engine swap
1826,1765,326,127,window tint 
1827,1187,327,151,oil change
1828,3700,328,199,alignment
1829,2572,329,187,tires
1830,196,330,53,water coolant 
1831,3405,331,66,oil change
1832,5721,332,109,tires
1833,1978,333,37,brakes
1834,4201,334,65,alignment
1835,2701,335,198,wash
1836,747,336,87,wash 
1837,786,337,120,window tint 
1838,4378,338,95,window tint 
1839,5775,339,129,oil change
1840,4397,340,125,water coolant 
1841,885,341,72,water coolant 
1842,669,342,153,power steering 
1843,3054,343,5,engine swap
1844,991,344,178,window tint 
1845,2599,345,117,alignment
1846,1840,346,58,smog check 
1847,2774,347,102,wash 
1848,5378,348,124,oil change
1849,940,349,50,wash
1850,5575,350,41,alignment
1851,2065,351,108,smog check 
1852,925,352,76,water coolant 
1853,2018,353,134,brakes
1854,5253,354,125,tires
1855,4656,355,140,engine swap
1856,4769,356,73,window tint 
1857,4546,357,62,oil change
1858,563,358,107,alignment
1859,4782,359,39,tires
1860,4240,360,23,water coolant 
1861,1823,361,182,oil change
1862,5085,362,184,tires
1863,5356,363,191,brakes
1864,1093,364,135,alignment
1865,1494,365,98,wash
1866,966,366,71,wash 
1867,1297,367,10,window tint 
1868,2856,368,14,window tint 
1869,1719,369,189,oil change
1870,671,370,117,water coolant 
1871,248,371,79,water coolant 
1872,1209,372,31,power steering 
1873,1170,373,6,engine swap
1874,4638,374,6,window tint 
1875,2648,375,196,alignment
1876,1856,376,123,smog check 
1877,501,377,161,wash 
1878,5414,378,151,oil change
1879,3324,379,9,wash
1880,825,380,141,alignment
1881,548,381,68,smog check 
1882,5557,382,29,water coolant 
1883,3361,383,119,brakes
1884,2570,384,40,tires
1885,1681,385,115,engine swap
1886,2241,386,89,window tint 
1887,4118,387,128,oil change
1888,1583,388,22,alignment
1889,1171,389,173,tires
1890,4040,390,55,water coolant 
1891,694,391,100,oil change
1892,3539,392,13,tires
1893,1491,393,104,brakes
1894,930,394,123,alignment
1895,4154,395,15,wash
1896,2217,396,94,wash 
1897,3792,397,39,window tint 
1898,956,398,186,window tint 
1899,4125,399,185,oil change
1900,2616,400,73,water coolant 
1901,5705,401,109,water coolant 
1902,2422,402,131,power steering 
1903,4246,403,59,engine swap
1904,4781,404,76,window tint 
1905,852,405,182,alignment
1906,792,406,18,smog check 
1907,157,407,8,wash 
1908,2933,408,47,oil change
1909,3193,409,26,wash
1910,734,410,55,alignment
1911,1434,411,86,smog check 
1912,420,412,26,water coolant 
1913,477,413,181,brakes
1914,1953,414,151,tires
1915,972,415,99,engine swap
1916,2989,416,141,window tint 
1917,5659,417,8,oil change
1918,4606,418,186,alignment
1919,1884,419,85,tires
1920,2698,420,68,water coolant 
1921,3180,421,38,oil change
1922,2144,422,62,tires
1923,1013,423,195,brakes
1924,586,424,95,alignment
1925,471,425,97,wash
1926,2469,426,29,wash 
1927,3530,427,112,window tint 
1928,5967,428,143,window tint 
1929,3934,429,70,oil change
1930,217,430,148,water coolant 
1931,3029,431,175,water coolant 
1932,5871,432,185,power steering 
1933,1025,433,113,engine swap
1934,5886,434,80,window tint 
1935,5787,435,113,alignment
1936,5760,436,186,smog check 
1937,3806,437,50,wash 
1938,1350,438,182,oil change
1939,645,439,61,wash
1940,211,440,186,alignment
1941,2576,441,21,smog check 
1942,2054,442,99,water coolant 
1943,3123,443,39,brakes
1944,3713,444,168,tires
1945,4836,445,120,engine swap
1946,3908,446,105,window tint 
1947,4018,447,13,oil change
1948,1163,448,57,alignment
1949,944,449,54,tires
1950,1502,450,97,water coolant 
1951,4803,451,108,oil change
1952,5007,452,88,tires
1953,5319,453,103,brakes
1954,1879,454,85,alignment
1955,4619,455,69,wash
1956,5253,456,179,wash 
1957,5059,457,110,window tint 
1958,2594,458,128,window tint 
1959,4611,459,71,oil change
1960,5814,460,59,water coolant 
1961,2202,461,30,water coolant 
1962,2229,462,70,power steering 
1963,4716,463,40,engine swap
1964,1837,464,192,window tint 
1965,5743,465,195,alignment
1966,1960,466,5,smog check 
1967,5840,467,55,wash 
1968,5740,468,88,oil change
1969,2746,469,6,wash
1970,4054,470,62,alignment
1971,4585,471,19,smog check 
1972,761,472,170,water coolant 
1973,2675,473,145,brakes
1974,1467,474,124,tires
1975,4383,475,122,engine swap
1976,3774,476,175,window tint 
1977,1148,477,147,oil change
1978,1903,478,48,alignment
1979,4038,479,29,tires
1980,81,480,77,water coolant 
1981,969,481,79,oil change
1982,5845,482,25,tires
1983,2194,483,28,brakes
1984,3708,484,40,alignment
1985,3300,485,196,wash
1986,5118,486,116,wash 
1987,4289,487,140,window tint 
1988,1568,488,140,window tint 
1989,4282,489,132,oil change
1990,597,490,169,water coolant 
1991,4956,491,24,water coolant 
1992,2543,492,5,power steering 
1993,4367,493,50,engine swap
1994,584,494,165,window tint 
1995,3737,495,100,alignment
1996,3255,496,196,smog check 
1997,2902,497,16,wash 
1998,3298,498,54,oil change
1999,1243,499,63,wash
2000,2860,500,35,alignment
2001,5357,501,119,smog check 
2002,3734,502,79,water coolant 
2003,708,503,115,brakes
2004,1765,504,130,tires
2005,4726,505,48,engine swap
2006,903,506,57,window tint 
2007,5981,507,187,oil change
2008,1660,508,164,alignment
2009,367,509,42,tires
2010,2191,510,47,water coolant 
2011,5717,511,96,oil change
2012,2650,512,168,tires
2013,2567,513,112,brakes
2014,1186,514,29,alignment
2015,517,515,128,wash
2016,5649,516,15,wash 
2017,5689,517,171,window tint 
2018,5910,518,194,window tint 
2019,1299,519,141,oil change
2020,2497,520,54,water coolant 
2021,724,521,76,water coolant 
2022,1923,522,116,power steering 
2023,5111,523,16,engine swap
2024,4471,524,140,window tint 
2025,5444,525,69,alignment
2026,5179,526,129,smog check 
2027,4970,527,43,wash 
2028,4047,528,159,oil change
2029,3234,529,41,wash
2030,939,530,143,alignment
2031,5124,531,112,smog check 
2032,2888,532,184,water coolant 
2033,1934,533,109,brakes
2034,5361,534,62,tires
2035,2366,535,110,engine swap
2036,1045,536,52,window tint 
2037,5741,537,39,oil change
2038,3629,538,136,alignment
2039,5747,539,179,tires
2040,4378,540,104,water coolant 
2041,391,541,144,oil change
2042,2732,542,183,tires
2043,5122,543,181,brakes
2044,3093,544,95,alignment
2045,4416,545,57,wash
2046,4082,546,9,wash 
2047,5547,547,99,window tint 
2048,2167,548,141,window tint 
2049,5299,549,21,oil change
2050,1291,550,78,water coolant 
2051,3540,551,19,water coolant 
2052,4226,552,73,power steering 
2053,849,553,114,engine swap
2054,1412,554,97,window tint 
2055,4643,555,33,alignment
2056,5164,556,84,smog check 
2057,4964,557,200,wash 
2058,3896,558,167,oil change
2059,5603,559,81,wash
2060,4467,560,143,alignment
2061,1353,561,145,smog check 
2062,429,562,67,water coolant 
2063,2817,563,63,brakes
2064,1817,564,18,tires
2065,525,565,175,engine swap
2066,2613,566,28,window tint 
2067,1387,567,118,oil change
2068,3092,568,192,alignment
2069,4592,569,147,tires
2070,1248,570,182,water coolant 
2071,4376,571,94,oil change
2072,356,572,196,tires
2073,5074,573,44,brakes
2074,629,574,104,alignment
2075,5432,575,140,wash
2076,3860,576,192,wash 
2077,2992,577,18,window tint 
2078,1972,578,144,window tint 
2079,39,579,54,oil change
2080,3434,580,128,water coolant 
2081,72,581,21,water coolant 
2082,3596,582,160,power steering 
2083,1120,583,74,engine swap
2084,1935,584,165,window tint 
2085,830,585,56,alignment
2086,4050,586,4,smog check 
2087,5693,587,75,wash 
2088,4653,588,33,oil change
2089,5734,589,143,wash
2090,3791,590,74,alignment
2091,2616,591,153,smog check 
2092,1757,592,9,water coolant 
2093,5460,593,52,brakes
2094,5441,594,59,tires
2095,5292,595,197,engine swap
2096,5957,596,27,window tint 
2097,3566,597,70,oil change
2098,5937,598,33,alignment
2099,1435,599,74,tires
2100,2596,600,123,water coolant 
2101,3586,601,26,oil change
2102,4192,602,119,tires
2103,716,603,169,brakes
2104,2405,604,119,alignment
2105,2740,605,119,wash
2106,1062,606,34,wash 
2107,4172,607,60,window tint 
2108,4026,608,183,window tint 
2109,2023,609,64,oil change
2110,548,610,175,water coolant 
2111,899,611,190,water coolant 
2112,2296,612,76,power steering 
2113,3472,613,135,engine swap
2114,270,614,33,window tint 
2115,3470,615,153,alignment
2116,1080,616,91,smog check 
2117,3875,617,191,wash 
2118,5218,618,140,oil change
2119,18,619,83,wash
2120,2149,620,120,alignment
2121,2099,621,54,smog check 
2122,1780,622,162,water coolant 
2123,1762,623,183,brakes
2124,304,624,159,tires
2125,2546,625,33,engine swap
2126,2905,626,1,window tint 
2127,2061,627,7,oil change
2128,5525,628,30,alignment
2129,4021,629,34,tires
2130,102,630,61,water coolant 
2131,4864,631,48,oil change
2132,5474,632,52,tires
2133,5536,633,116,brakes
2134,1726,634,151,alignment
2135,568,635,137,wash
2136,2192,636,115,wash 
2137,197,637,127,window tint 
2138,3725,638,21,window tint 
2139,5945,639,29,oil change
2140,1200,640,48,water coolant 
2141,5436,641,55,water coolant 
2142,630,642,140,power steering 
2143,3857,643,103,engine swap
2144,5615,644,120,window tint 
2145,2372,645,69,alignment
2146,5176,646,104,smog check 
2147,5956,647,91,wash 
2148,172,648,39,oil change
2149,3050,649,163,wash
2150,2438,650,115,alignment
2151,5537,651,106,smog check 
2152,2263,652,30,water coolant 
2153,5710,653,53,brakes
2154,4820,654,43,tires
2155,4051,655,184,engine swap
2156,5290,656,131,window tint 
2157,3087,657,53,oil change
2158,3624,658,84,alignment
2159,5611,659,28,tires
2160,3738,660,155,water coolant 
2161,1020,661,165,oil change
2162,5268,662,163,tires
2163,1078,663,15,brakes
2164,3402,664,169,alignment
2165,346,665,53,wash
2166,1443,666,182,wash 
2167,2979,667,125,window tint 
2168,4202,668,129,window tint 
2169,4253,669,46,oil change
2170,2763,670,44,water coolant 
2171,664,671,175,water coolant 
2172,926,672,144,power steering 
2173,5810,673,112,engine swap
2174,536,674,161,window tint 
2175,1633,675,142,alignment
2176,1110,676,133,smog check 
2177,444,677,173,wash 
2178,3408,678,66,oil change
2179,5984,679,8,wash
2180,5059,680,106,alignment
2181,1610,681,113,smog check 
2182,2623,682,195,water coolant 
2183,2373,683,136,brakes
2184,4722,684,65,tires
2185,782,685,196,engine swap
2186,3598,686,53,window tint 
2187,5732,687,18,oil change
2188,5847,688,46,alignment
2189,3254,689,169,tires
2190,400,690,121,water coolant 
2191,1316,691,131,oil change
2192,5404,692,59,tires
2193,4998,693,49,brakes
2194,1540,694,50,alignment
2195,4385,695,76,wash
2196,3842,696,62,wash 
2197,1077,697,125,window tint 
2198,4261,698,91,window tint 
2199,35,699,4,oil change
2200,1207,700,195,water coolant 
2201,4726,701,163,water coolant 
2202,204,702,168,power steering 
2203,3285,703,142,engine swap
2204,3590,704,178,window tint 
2205,4327,705,137,alignment
2206,5958,706,79,smog check 
2207,3610,707,31,wash 
2208,3702,708,78,oil change
2209,3046,709,191,wash
2210,5600,710,12,alignment
2211,2607,711,51,smog check 
2212,2698,712,32,water coolant 
2213,4822,713,55,brakes
2214,823,714,102,tires
2215,2400,715,174,engine swap
2216,1584,716,52,window tint 
2217,2866,717,87,oil change
2218,1720,718,135,alignment
2219,5776,719,194,tires
2220,1715,720,100,water coolant 
2221,2604,721,173,oil change
2222,5658,722,101,tires
2223,858,723,54,brakes
2224,1016,724,12,alignment
2225,2334,725,42,wash
2226,5034,726,138,wash 
2227,3361,727,121,window tint 
2228,1570,728,167,window tint 
2229,3533,729,182,oil change
2230,4925,730,53,water coolant 
2231,2162,731,188,water coolant 
2232,5231,732,77,power steering 
2233,959,733,15,engine swap
2234,2897,734,146,window tint 
2235,5038,735,20,alignment
2236,4823,736,21,smog check 
2237,2226,737,186,wash 
2238,5335,738,139,oil change
2239,3001,739,122,wash
2240,1353,740,10,alignment
2241,3612,741,68,smog check 
2242,1738,742,200,water coolant 
2243,3635,743,187,brakes
2244,2444,744,179,tires
2245,1292,745,114,engine swap
2246,2474,746,58,window tint 
2247,291,747,157,oil change
2248,5956,748,113,alignment
2249,5102,749,143,tires
2250,4387,750,167,water coolant 
2251,2856,751,129,oil change
2252,1392,752,109,tires
2253,5291,753,90,brakes
2254,567,754,8,alignment
2255,1149,755,194,wash
2256,340,756,13,wash 
2257,5490,757,191,window tint 
2258,1433,758,33,window tint 
2259,1701,759,152,oil change
2260,5710,760,80,water coolant 
2261,1330,761,196,water coolant 
2262,5999,762,112,power steering 
2263,4913,763,82,engine swap
2264,2018,764,157,window tint 
2265,5835,765,178,alignment
2266,2947,766,76,smog check 
2267,4161,767,131,wash 
2268,3404,768,184,oil change
2269,5746,769,91,wash
2270,721,770,124,alignment
2271,5521,771,111,smog check 
2272,4406,772,122,water coolant 
2273,1541,773,198,brakes
2274,468,774,73,tires
2275,4238,775,42,engine swap
2276,821,776,164,window tint 
2277,5792,777,10,oil change
2278,5147,778,85,alignment
2279,4056,779,133,tires
2280,4212,780,75,water coolant 
2281,3991,781,110,oil change
2282,2590,782,141,tires
2283,5834,783,56,brakes
2284,3790,784,105,alignment
2285,4759,785,124,wash
2286,5664,786,73,wash 
2287,4750,787,38,window tint 
2288,1510,788,178,window tint 
2289,2647,789,13,oil change
2290,1050,790,79,water coolant 
2291,578,791,48,water coolant 
2292,2259,792,112,power steering 
2293,2476,793,68,engine swap
2294,3372,794,6,window tint 
2295,5267,795,183,alignment
2296,3000,796,173,smog check 
2297,3288,797,107,wash 
2298,1651,798,101,oil change
2299,2134,799,54,wash
2300,4667,800,132,alignment
2301,2589,801,127,smog check 
2302,4167,802,142,water coolant 
2303,5557,803,3,brakes
2304,433,804,52,tires
2305,3583,805,131,engine swap
2306,3910,806,121,window tint 
2307,3058,807,3,oil change
2308,1805,808,144,alignment
2309,1583,809,192,tires
2310,5795,810,153,water coolant 
2311,1093,811,87,oil change
2312,5707,812,133,tires
2313,2658,813,25,brakes
2314,791,814,191,alignment
2315,3740,815,171,wash
2316,5390,816,181,wash 
2317,5949,817,56,window tint 
2318,2978,818,90,window tint 
2319,5791,819,56,oil change
2320,3618,820,153,water coolant 
2321,4848,821,126,water coolant 
2322,5389,822,145,power steering 
2323,503,823,185,engine swap
2324,2116,824,98,window tint 
2325,5444,825,88,alignment
2326,3248,826,36,smog check 
2327,1427,827,29,wash 
2328,2761,828,6,oil change
2329,3321,829,29,wash
2330,4930,830,167,alignment
2331,1408,831,107,smog check 
2332,1404,832,58,water coolant 
2333,5860,833,140,brakes
2334,5585,834,64,tires
2335,5838,835,117,engine swap
2336,571,836,30,window tint 
2337,2732,837,121,oil change
2338,1965,838,5,alignment
2339,1813,839,152,tires
2340,2604,840,146,water coolant 
2341,4246,841,16,oil change
2342,3499,842,178,tires
2343,3730,843,11,brakes
2344,3997,844,166,alignment
2345,3609,845,36,wash
2346,4108,846,74,wash 
2347,3252,847,49,window tint 
2348,2896,848,184,window tint 
2349,997,849,85,oil change
2350,3651,850,174,water coolant 
2351,1391,851,35,water coolant 
2352,2808,852,1,power steering 
2353,4634,853,124,engine swap
2354,5202,854,71,window tint 
2355,4679,855,103,alignment
2356,617,856,51,smog check 
2357,752,857,43,wash 
2358,4650,858,194,oil change
2359,109,859,1,wash
2360,4007,860,122,alignment
2361,2515,861,77,smog check 
2362,2272,862,23,water coolant 
2363,4637,863,82,brakes
2364,4267,864,99,tires
2365,3526,865,111,engine swap
2366,2128,866,3,window tint 
2367,2601,867,152,oil change
2368,3366,868,80,alignment
2369,611,869,132,tires
2370,4130,870,114,water coolant 
2371,406,871,67,oil change
2372,4935,872,49,tires
2373,1005,873,190,brakes
2374,3721,874,68,alignment
2375,270,875,34,wash
2376,5553,876,97,wash 
2377,3002,877,65,window tint 
2378,1003,878,98,window tint 
2379,1686,879,90,oil change
2380,3388,880,60,water coolant 
2381,436,881,132,water coolant 
2382,3061,882,172,power steering 
2383,4577,883,65,engine swap
2384,1863,884,121,window tint 
2385,2181,885,103,alignment
2386,4055,886,154,smog check 
2387,5862,887,24,wash 
2388,4558,888,74,oil change
2389,4036,889,175,wash
2390,1414,890,130,alignment
2391,1339,891,167,smog check 
2392,2029,892,57,water coolant 
2393,44,893,89,brakes
2394,1161,894,81,tires
2395,3415,895,19,engine swap
2396,1678,896,11,window tint 
2397,5362,897,183,oil change
2398,5058,898,53,alignment
2399,2268,899,99,tires
2400,2115,900,71,water coolant 
2401,1360,901,90,oil change
2402,803,902,190,tires
2403,5534,903,57,brakes
2404,3806,904,16,alignment
2405,5553,905,45,wash
2406,48,906,24,wash 
2407,3539,907,189,window tint 
2408,5980,908,110,window tint 
2409,4408,909,120,oil change
2410,1467,910,102,water coolant 
2411,3472,911,33,water coolant 
2412,5977,912,51,power steering 
2413,5898,913,180,engine swap
2414,3450,914,123,window tint 
2415,4704,915,178,alignment
2416,3305,916,29,smog check 
2417,2944,917,44,wash 
2418,1385,918,95,oil change
2419,4713,919,22,wash
2420,726,920,113,alignment
2421,629,921,193,smog check 
2422,3689,922,180,water coolant 
2423,2750,923,184,brakes
2424,674,924,158,tires
2425,3190,925,37,engine swap
2426,3013,926,113,window tint 
2427,4504,927,40,oil change
2428,5227,928,82,alignment
2429,1405,929,130,tires
2430,123,930,75,water coolant 
2431,3609,931,3,oil change
2432,5708,932,19,tires
2433,1030,933,183,brakes
2434,4098,934,190,alignment
2435,4790,935,62,wash
2436,1793,936,179,wash 
2437,380,937,79,window tint 
2438,5443,938,83,window tint 
2439,4924,939,46,oil change
2440,3732,940,112,water coolant 
2441,4075,941,64,water coolant 
2442,4702,942,83,power steering 
2443,2137,943,105,engine swap
2444,2960,944,137,window tint 
2445,2313,945,73,alignment
2446,2039,946,169,smog check 
2447,1377,947,34,wash 
2448,3976,948,178,oil change
2449,4789,949,32,wash
2450,1058,950,186,alignment
2451,5664,951,39,smog check 
2452,3929,952,167,water coolant 
2453,5634,953,128,brakes
2454,938,954,36,tires
2455,5375,955,51,engine swap
2456,5808,956,170,window tint 
2457,4357,957,127,oil change
2458,4616,958,12,alignment
2459,3569,959,32,tires
2460,582,960,107,water coolant 
2461,5906,961,77,oil change
2462,5427,962,133,tires
2463,5417,963,174,brakes
2464,968,964,38,alignment
2465,2467,965,18,wash
2466,154,966,4,wash 
2467,2278,967,196,window tint 
2468,818,968,167,window tint 
2469,597,969,135,oil change
2470,988,970,122,water coolant 
2471,1927,971,180,water coolant 
2472,3329,972,47,power steering 
2473,1690,973,28,engine swap
2474,4314,974,78,window tint 
2475,5790,975,33,alignment
2476,473,976,133,smog check 
2477,5613,977,162,wash 
2478,4658,978,114,oil change
2479,3868,979,57,wash
2480,3141,980,39,alignment
2481,4639,981,142,smog check 
2482,3438,982,157,water coolant 
2483,2265,983,154,brakes
2484,4528,984,142,tires
2485,5503,985,45,engine swap
2486,4428,986,68,window tint 
2487,2942,987,102,oil change
2488,2285,988,74,alignment
2489,1583,989,133,tires
2490,1062,990,191,water coolant 
2491,2409,991,173,oil change
2492,1886,992,5,tires
2493,778,993,74,brakes
2494,4803,994,175,alignment
2495,3675,995,46,wash
2496,495,996,137,wash 
2497,1701,997,17,window tint 
2498,4944,998,21,window tint 
2499,1714,999,134,oil change
2500,1435,1000,92,water coolant 
2501,5265,1001,38,water coolant 
2502,138,1002,101,power steering 
2503,3202,1003,99,engine swap
2504,2076,1004,55,window tint 
2505,644,1005,78,alignment
2506,990,1006,90,smog check 
2507,4105,1007,93,wash 
2508,4648,1008,30,oil change
2509,3932,1009,200,wash
2510,4865,1010,36,alignment
2511,2039,1011,24,smog check 
2512,72,1012,26,water coolant 
2513,605,1013,163,brakes
2514,4937,1014,62,tires
2515,51,1015,103,engine swap
2516,1460,1016,162,window tint 
2517,3111,1017,198,oil change
2518,1237,1018,102,alignment
2519,2669,1019,60,tires
2520,4413,1020,179,water coolant 
2521,2554,1021,191,oil change
2522,2181,1022,40,tires
2523,3691,1023,114,brakes
2524,5670,1024,92,alignment
2525,549,1025,116,wash
2526,2692,1026,172,wash 
2527,2228,1027,97,window tint 
2528,2007,1028,76,window tint 
2529,5836,1029,78,oil change
2530,1589,1030,147,water coolant 
2531,3038,1031,160,water coolant 
2532,3600,1032,178,power steering 
2533,4218,1033,75,engine swap
2534,466,1034,163,window tint 
2535,5105,1035,15,alignment
2536,2276,1036,95,smog check 
2537,3796,1037,128,wash 
2538,4689,1038,70,oil change
2539,2799,1039,20,wash
2540,3262,1040,196,alignment
2541,2305,1041,91,smog check 
2542,571,1042,146,water coolant 
2543,4759,1043,99,brakes
2544,5141,1044,71,tires
2545,1630,1045,173,engine swap
2546,5086,1046,23,window tint 
2547,4891,1047,42,oil change
2548,772,1048,124,alignment
2549,4333,1049,42,tires
2550,5745,1050,36,water coolant 
2551,5561,1051,134,oil change
2552,5923,1052,54,tires
2553,118,1053,33,brakes
2554,2483,1054,27,alignment
2555,1180,1055,14,wash
2556,251,1056,196,wash 
2557,4814,1057,15,window tint 
2558,2505,1058,103,window tint 
2559,949,1059,2,oil change
2560,3180,1060,66,water coolant 
2561,4439,1061,70,water coolant 
2562,5166,1062,70,power steering 
2563,516,1063,61,engine swap
2564,2958,1064,47,window tint 
2565,4391,1065,135,alignment
2566,2911,1066,181,smog check 
2567,5736,1067,73,wash 
2568,953,1068,199,oil change
2569,4738,1069,104,wash
2570,2326,1070,146,alignment
2571,5618,1071,163,smog check 
2572,2899,1072,13,water coolant 
2573,2873,1073,83,brakes
2574,162,1074,99,tires
2575,1827,1075,124,engine swap
2576,4415,1076,49,window tint 
2577,2627,1077,171,oil change
2578,3085,1078,24,alignment
2579,854,1079,172,tires
2580,3651,1080,106,water coolant 
2581,121,1081,93,oil change
2582,4637,1082,116,tires
2583,200,1083,172,brakes
2584,3431,1084,124,alignment
2585,3298,1085,85,wash
2586,585,1086,56,wash 
2587,1472,1087,14,window tint 
2588,639,1088,29,window tint 
2589,185,1089,117,oil change
2590,4508,1090,190,water coolant 
2591,3416,1091,51,water coolant 
2592,5994,1092,117,power steering 
2593,2427,1093,190,engine swap
2594,3017,1094,177,window tint 
2595,354,1095,67,alignment
2596,617,1096,47,smog check 
2597,3647,1097,85,wash 
2598,2528,1098,157,oil change
2599,2485,1099,20,wash
2600,5059,1100,191,alignment
2601,4554,1101,164,smog check 
2602,4959,1102,98,water coolant 
2603,3819,1103,91,brakes
2604,1597,1104,178,tires
2605,4582,1105,19,engine swap
2606,122,1106,156,window tint 
2607,5386,1107,151,oil change
2608,3746,1108,58,alignment
2609,3116,1109,153,tires
2610,1874,1110,147,water coolant 
2611,1558,1111,1,oil change
2612,1949,1112,23,tires
2613,4079,1113,31,brakes
2614,5398,1114,62,alignment
2615,45,1115,56,wash
2616,3409,1116,104,wash 
2617,3808,1117,200,window tint 
2618,2154,1118,69,window tint 
2619,5230,1119,172,oil change
2620,939,1120,9,water coolant 
2621,5741,1121,81,water coolant 
2622,5186,1122,183,power steering 
2623,2072,1123,7,engine swap
2624,4569,1124,43,window tint 
2625,457,1125,163,alignment
2626,4566,1126,121,smog check 
2627,3801,1127,46,wash 
2628,2433,1128,39,oil change
2629,2100,1129,10,wash
2630,4732,1130,69,alignment
2631,3078,1131,136,smog check 
2632,202,1132,48,water coolant 
2633,88,1133,157,brakes
2634,471,1134,91,tires
2635,3152,1135,46,engine swap
2636,5006,1136,45,window tint 
2637,4384,1137,26,oil change
2638,158,1138,189,alignment
2639,2853,1139,34,tires
2640,2362,1140,138,water coolant 
2641,3363,1141,36,oil change
2642,1685,1142,70,tires
2643,1034,1143,68,brakes
2644,5215,1144,138,alignment
2645,1541,1145,65,wash
2646,2314,1146,35,wash 
2647,4225,1147,151,window tint 
2648,651,1148,85,window tint 
2649,4064,1149,54,oil change
2650,338,1150,100,water coolant 
2651,1912,1151,43,water coolant 
2652,260,1152,125,power steering 
2653,5981,1153,95,engine swap
2654,4122,1154,95,window tint 
2655,906,1155,21,alignment
2656,4514,1156,109,smog check 
2657,815,1157,97,wash 
2658,2621,1158,39,oil change
2659,3757,1159,146,wash
2660,1781,1160,23,alignment
2661,2946,1161,94,smog check 
2662,1050,1162,168,water coolant 
2663,2121,1163,200,brakes
2664,4854,1164,114,tires
2665,3708,1165,142,engine swap
2666,3760,1166,56,window tint 
2667,4340,1167,52,oil change
2668,2040,1168,21,alignment
2669,5938,1169,70,tires
2670,1820,1170,148,water coolant 
2671,1327,1171,61,oil change
2672,3958,1172,55,tires
2673,2019,1173,43,brakes
2674,1107,1174,4,alignment
2675,4079,1175,105,wash
2676,3226,1176,12,wash 
2677,2143,1177,138,window tint 
2678,3964,1178,63,window tint 
2679,1832,1179,11,oil change
2680,239,1180,81,water coolant 
2681,4698,1181,181,water coolant 
2682,5705,1182,180,power steering 
2683,2004,1183,108,engine swap
2684,114,1184,60,window tint 
2685,5277,1185,147,alignment
2686,364,1186,189,smog check 
2687,3614,1187,192,wash 
2688,1762,1188,136,oil change
2689,2803,1189,182,wash
2690,2192,1190,13,alignment
2691,883,1191,90,smog check 
2692,5843,1192,27,water coolant 
2693,2785,1193,154,brakes
2694,370,1194,128,tires
2695,1143,1195,124,engine swap
2696,71,1196,165,window tint 
2697,4565,1197,152,oil change
2698,419,1198,111,alignment
2699,3067,1199,68,tires
2700,2037,1200,9,water coolant 
2701,5813,1201,143,oil change
2702,2626,1202,168,tires
2703,1520,1203,44,brakes
2704,5292,1204,122,alignment
2705,1260,1205,124,wash
2706,5646,1206,86,wash 
2707,4117,1207,60,window tint 
2708,2011,1208,119,window tint 
2709,3904,1209,187,oil change
2710,2227,1210,114,water coolant 
2711,1721,1211,122,water coolant 
2712,5009,1212,9,power steering 
2713,5574,1213,66,engine swap
2714,5673,1214,89,window tint 
2715,4756,1215,56,alignment
2716,3322,1216,162,smog check 
2717,5820,1217,149,wash 
2718,2306,1218,11,oil change
2719,3274,1219,181,wash
2720,4915,1220,47,alignment
2721,5629,1221,48,smog check 
2722,2795,1222,196,water coolant 
2723,3203,1223,117,brakes
2724,3383,1224,33,tires
2725,1446,1225,25,engine swap
2726,1682,1226,42,window tint 
2727,145,1227,19,oil change
2728,4714,1228,120,alignment
2729,3361,1229,8,tires
2730,5929,1230,51,water coolant 
2731,3455,1231,196,oil change
2732,1404,1232,103,tires
2733,5188,1233,119,brakes
2734,3685,1234,129,alignment
2735,3168,1235,57,wash
2736,4272,1236,75,wash 
2737,1424,1237,34,window tint 
2738,1784,1238,21,window tint 
2739,4554,1239,162,oil change
2740,1387,1240,99,water coolant 
2741,801,1241,53,water coolant 
2742,2773,1242,19,power steering 
2743,3799,1243,102,engine swap
2744,4520,1244,130,window tint 
2745,2299,1245,84,alignment
2746,3452,1246,163,smog check 
2747,3409,1247,116,wash 
2748,2420,1248,59,oil change
2749,5076,1249,107,wash
2750,3054,1250,78,alignment
2751,3513,1251,69,smog check 
2752,5087,1252,74,water coolant 
2753,796,1253,161,brakes
2754,270,1254,168,tires
2755,3219,1255,178,engine swap
2756,25,1256,166,window tint 
2757,1321,1257,192,oil change
2758,4335,1258,70,alignment
2759,2640,1259,125,tires
2760,2156,1260,7,water coolant 
2761,613,1261,187,oil change
2762,337,1262,67,tires
2763,3050,1263,136,brakes
2764,5781,1264,135,alignment
2765,5052,1265,42,wash
2766,820,1266,66,wash 
2767,5957,1267,18,window tint 
2768,3550,1268,3,window tint 
2769,3149,1269,66,oil change
2770,4543,1270,172,water coolant 
2771,5636,1271,42,water coolant 
2772,3982,1272,66,power steering 
2773,3841,1273,36,engine swap
2774,3064,1274,44,window tint 
2775,1823,1275,155,alignment
2776,1520,1276,141,smog check 
2777,2237,1277,89,wash 
2778,4476,1278,148,oil change
2779,3934,1279,35,wash
2780,5562,1280,134,alignment
2781,733,1281,142,smog check 
2782,5301,1282,10,water coolant 
2783,5179,1283,72,brakes
2784,1241,1284,5,tires
2785,1988,1285,81,engine swap
2786,2083,1286,162,window tint 
2787,4510,1287,174,oil change
2788,1035,1288,119,alignment
2789,2181,1289,75,tires
2790,1778,1290,138,water coolant 
2791,4203,1291,181,oil change
2792,509,1292,175,tires
2793,4412,1293,133,brakes
2794,2447,1294,132,alignment
2795,3302,1295,90,wash
2796,5687,1296,66,wash 
2797,2908,1297,76,window tint 
2798,1189,1298,33,window tint 
2799,5940,1299,132,oil change
2800,3615,1300,117,water coolant 
2801,5014,1301,22,water coolant 
2802,4540,1302,106,power steering 
2803,4805,1303,100,engine swap
2804,1769,1304,165,window tint 
2805,3644,1305,110,alignment
2806,1849,1306,111,smog check 
2807,5696,1307,165,wash 
2808,3910,1308,108,oil change
2809,25,1309,57,wash
2810,4339,1310,100,alignment
2811,3256,1311,108,smog check 
2812,3924,1312,39,water coolant 
2813,3158,1313,162,brakes
2814,5703,1314,120,tires
2815,510,1315,104,engine swap
2816,3038,1316,84,window tint 
2817,4462,1317,160,oil change
2818,2145,1318,124,alignment
2819,1848,1319,57,tires
2820,1599,1320,40,water coolant 
2821,3510,1321,162,oil change
2822,813,1322,87,tires
2823,512,1323,55,brakes
2824,4335,1324,155,alignment
2825,3692,1325,25,wash
2826,1502,1326,26,wash 
2827,3549,1327,120,window tint 
2828,1681,1328,35,window tint 
2829,2970,1329,104,oil change
2830,5413,1330,9,water coolant 
2831,5458,1331,173,water coolant 
2832,3383,1332,184,power steering 
2833,2677,1333,45,engine swap
2834,554,1334,179,window tint 
2835,4561,1335,121,alignment
2836,94,1336,180,smog check 
2837,515,1337,174,wash 
2838,4167,1338,74,oil change
2839,5258,1339,49,wash
2840,217,1340,60,alignment
2841,2583,1341,175,smog check 
2842,2231,1342,143,water coolant 
2843,4995,1343,65,brakes
2844,610,1344,71,tires
2845,1341,1345,182,engine swap
2846,4749,1346,44,window tint 
2847,4805,1347,184,oil change
2848,5172,1348,166,alignment
2849,5936,1349,101,tires
2850,5116,1350,33,water coolant 
2851,4798,1351,165,oil change
2852,2605,1352,64,tires
2853,2327,1353,195,brakes
2854,340,1354,66,alignment
2855,2896,1355,13,wash
2856,5863,1356,180,wash 
2857,2990,1357,190,window tint 
2858,4372,1358,19,window tint 
2859,2498,1359,151,oil change
2860,1012,1360,49,water coolant 
2861,3870,1361,168,water coolant 
2862,3191,1362,60,power steering 
2863,558,1363,23,engine swap
2864,2287,1364,197,window tint 
2865,1511,1365,93,alignment
2866,3580,1366,184,smog check 
2867,3813,1367,146,wash 
2868,1203,1368,190,oil change
2869,18,1369,168,wash
2870,3843,1370,44,alignment
2871,1585,1371,154,smog check 
2872,2554,1372,22,water coolant 
2873,1633,1373,177,brakes
2874,3872,1374,73,tires
2875,693,1375,193,engine swap
2876,5052,1376,187,window tint 
2877,2351,1377,96,oil change
2878,134,1378,30,alignment
2879,5591,1379,104,tires
2880,5216,1380,116,water coolant 
2881,4975,1381,152,oil change
2882,4219,1382,67,tires
2883,2830,1383,20,brakes
2884,3916,1384,92,alignment
2885,4514,1385,200,wash
2886,1605,1386,184,wash 
2887,1376,1387,45,window tint 
2888,1708,1388,143,window tint 
2889,4712,1389,170,oil change
2890,239,1390,196,water coolant 
2891,1209,1391,30,water coolant 
2892,3774,1392,134,power steering 
2893,5852,1393,169,engine swap
2894,433,1394,150,window tint 
2895,5916,1395,60,alignment
2896,3874,1396,104,smog check 
2897,748,1397,71,wash 
2898,395,1398,37,oil change
2899,2743,1399,189,wash
2900,1273,1400,79,alignment
2901,4058,1401,28,smog check 
2902,3483,1402,153,water coolant 
2903,3783,1403,108,brakes
2904,1090,1404,107,tires
2905,1704,1405,141,engine swap
2906,1951,1406,10,window tint 
2907,548,1407,123,oil change
2908,4920,1408,76,alignment
2909,286,1409,101,tires
2910,5633,1410,74,water coolant 
2911,3297,1411,137,oil change
2912,4962,1412,58,tires
2913,885,1413,166,brakes
2914,2549,1414,17,alignment
2915,3925,1415,172,wash
2916,5155,1416,26,wash 
2917,1642,1417,174,window tint 
2918,1952,1418,7,window tint 
2919,1214,1419,43,oil change
2920,5086,1420,11,water coolant 
2921,4895,1421,37,water coolant 
2922,4781,1422,38,power steering 
2923,1578,1423,29,engine swap
2924,2562,1424,122,window tint 
2925,1480,1425,15,alignment
2926,5874,1426,1,smog check 
2927,3255,1427,193,wash 
2928,2892,1428,181,oil change
2929,3111,1429,4,wash
2930,2617,1430,123,alignment
2931,3158,1431,7,smog check 
2932,944,1432,88,water coolant 
2933,3453,1433,94,brakes
2934,5976,1434,186,tires
2935,3280,1435,120,engine swap
2936,4020,1436,55,window tint 
2937,1657,1437,123,oil change
2938,58,1438,104,alignment
2939,5648,1439,57,tires
2940,5524,1440,78,water coolant 
2941,726,1441,164,oil change
2942,5475,1442,102,tires
2943,5420,1443,200,brakes
2944,1262,1444,79,alignment
2945,1094,1445,98,wash
2946,5884,1446,159,wash 
2947,2680,1447,87,window tint 
2948,1984,1448,53,window tint 
2949,3295,1449,17,oil change
2950,2064,1450,106,water coolant 
2951,956,1451,19,water coolant 
2952,5534,1452,90,power steering 
2953,2472,1453,155,engine swap
2954,3859,1454,52,window tint 
2955,316,1455,1,alignment
2956,1624,1456,103,smog check 
2957,3835,1457,12,wash 
2958,1203,1458,2,oil change
2959,5264,1459,149,wash
2960,3884,1460,64,alignment
2961,1959,1461,66,smog check 
2962,1262,1462,86,water coolant 
2963,4350,1463,114,brakes
2964,5343,1464,29,tires
2965,2012,1465,173,engine swap
2966,1491,1466,50,window tint 
2967,3625,1467,127,oil change
2968,1023,1468,17,alignment
2969,1690,1469,51,tires
2970,2122,1470,89,water coolant 
2971,5699,1471,51,oil change
2972,4714,1472,154,tires
2973,4679,1473,143,brakes
2974,215,1474,6,alignment
2975,4197,1475,64,wash
2976,2373,1476,177,wash 
2977,48,1477,162,window tint 
2978,4998,1478,166,window tint 
2979,3923,1479,95,oil change
2980,1880,1480,171,water coolant 
2981,4900,1481,117,water coolant 
2982,2718,1482,54,power steering 
2983,1976,1483,185,engine swap
2984,2121,1484,141,window tint 
2985,4035,1485,199,alignment
2986,702,1486,49,smog check 
2987,2434,1487,187,wash 
2988,1520,1488,113,oil change
2989,4219,1489,117,wash
2990,2684,1490,172,alignment
2991,1023,1491,11,smog check 
2992,5281,1492,16,water coolant 
2993,5921,1493,62,brakes
2994,811,1494,70,tires
2995,453,1495,53,engine swap
2996,1618,1496,136,window tint 
2997,110,1497,42,oil change
2998,3974,1498,96,alignment
2999,3780,1499,195,tires
3000,240,1500,199,water coolant 